Days,Miles,Receipts,
3,191.00,21.87,
1,81.00,3.93,
3,204.00,16.76,
1,64.00,22.47,
3,204.00,22.19,
1,51.00,17.84,
3,207.00,18.16,
1,182.00,11.75,
1,164.00,9.59,
2,109.00,14.74,
1,110.00,9.81,
1,50.00,0.27,
2,41.00,2.06,
3,143.00,24.16,
2,53.00,2.24,
3,205.00,1.96,
3,163.00,15.86,
3,38.00,1.85,
3,182.00,2.42,
3,144.00,9.52,
2,192.00,13.65,
1,29.00,17.29,
1,167.00,1.14,
2,30.00,6.32,
3,160.00,24.82,
1,167.00,22.49,
1,194.00,1.44,
2,70.00,2.48,
1,143.00,4.06,
3,168.00,0.83,
2,141.00,9.16,
2,165.00,9.62,
2,162.00,5.18,
1,147.00,7.96,
2,45.00,13.79,
2,53.00,17.66,
2,179.00,19.26,
1,41.00,17.06,
3,133.00,14.89,
2,164.00,22.83,
1,34.00,19.68,
1,158.00,23.46,
2,50.00,24.81,
3,45.00,8.01,
1,32.00,2.19,
1,32.00,21.24,
3,187.00,15.92,
1,129.00,15.66,
3,41.00,12.47,
2,102.00,15.32,
3,154.00,6.90,
3,79.00,17.07,
1,91.00,23.11,
3,164.00,8.58,
3,80.00,10.14,
2,199.00,19.16,
3,185.00,6.81,
2,148.00,6.62,
1,28.00,12.20,
3,158.00,22.15,
1,37.00,5.40,
2,64.00,9.99,
2,95.00,3.33,
1,115.00,23.11,
3,168.00,14.87,
3,66.00,4.87,
2,119.00,16.17,
3,147.00,19.52,
3,186.00,19.58,
3,190.00,10.98,
2,105.00,10.56,
3,10.00,22.04,
1,49.00,2.59,
3,205.00,13.12,
2,56.00,11.68,
3,110.00,19.42,
1,74.00,3.23,
2,192.00,9.90,
2,174.00,9.43,
2,22.00,11.95,
2,58.00,18.66,
2,57.00,7.06,
2,60.00,4.18,
1,80.00,4.75,
3,15.00,24.86,
3,176.00,13.54,
1,148.00,2.15,
2,82.00,17.51,
1,113.00,24.76,
2,113.00,0.31,
1,152.00,21.42,
2,123.00,1.81,
3,105.00,18.69,
1,118.00,13.64,
2,146.00,19.39,
3,31.00,18.60,
2,205.00,18.62,
1,186.00,22.66,
3,57.00,11.63,
2,157.00,18.20,
5,389.00,423.41,
5,402.00,1398.41,
5,283.00,610.77,
5,805.00,1321.66,
5,680.00,778.66,
5,103.00,469.84,
5,264.00,1234.12,
5,665.00,1060.18,
5,290.00,527.13,
5,323.00,1143.58,
5,131.00,596.78,
5,273.00,1532.89,
5,711.00,971.64,
5,641.00,1141.70,
5,815.00,966.17,
5,213.00,1459.76,
5,583.00,266.32,
5,128.00,586.82,
5,360.00,964.13,
5,146.00,608.05,
5,774.00,1262.90,
5,636.00,1251.94,
5,239.00,706.12,
5,847.00,603.11,
5,129.00,646.63,
5,620.00,1326.79,
5,399.00,319.42,
5,274.00,531.99,
5,52.00,493.31,
5,616.00,178.66,
5,342.00,1302.36,
5,411.00,683.98,
5,713.00,519.06,
5,705.00,202.99,
5,361.00,1119.02,
5,427.00,220.66,
5,178.00,935.48,
5,656.00,929.35,
5,288.00,1365.81,
5,562.00,444.56,
5,230.00,533.79,
5,298.00,811.29,
5,573.00,742.77,
5,648.00,99.23,
5,762.00,491.48,
5,605.00,963.51,
5,557.00,1493.93,
5,513.00,1352.63,
5,689.00,276.79,
5,345.00,1267.30,
5,719.00,216.37,
5,490.00,1326.91,
5,450.00,741.83,
5,519.00,1146.75,
5,125.00,1247.30,
5,196.00,801.36,
5,836.00,657.77,
5,288.00,965.55,
5,485.00,217.71,
5,114.00,594.61,
5,455.00,979.22,
5,202.00,209.14,
5,669.00,659.98,
5,277.00,692.71,
5,376.00,1286.37,
5,732.00,848.46,
5,332.00,331.21,
5,288.00,416.49,
5,801.00,1233.24,
5,67.00,64.42,
5,359.00,216.75,
5,689.00,372.23,
5,325.00,575.91,
5,155.00,1022.20,
5,188.00,1142.37,
5,759.00,842.00,
5,589.00,1234.38,
5,296.00,478.20,
5,270.00,284.47,
5,55.00,712.64,
5,562.00,1178.89,
5,273.00,1052.61,
5,223.00,825.01,
5,808.00,1265.63,
5,818.00,486.90,
5,87.00,896.07,
5,162.00,663.77,
5,700.00,273.82,
5,141.00,778.22,
5,516.00,1150.26,
5,371.00,1501.91,
5,537.00,883.00,
5,622.00,492.17,
5,152.00,340.01,
5,77.00,281.02,
5,629.00,709.22,
5,779.00,436.92,
5,330.00,113.97,
5,367.00,112.29,
5,415.00,575.13,
9,1099.00,1668.45,
9,269.00,1781.44,
12,1000.00,675.11,
9,579.00,440.25,
9,108.00,1437.72,
12,1014.00,1213.65,
11,612.00,445.84,
9,595.00,242.11,
9,1078.00,105.31,
12,725.00,922.10,
9,444.00,1221.57,
10,433.00,903.88,
11,175.00,1177.54,
10,646.00,430.63,
9,807.00,1917.21,
12,439.00,1231.15,
8,421.00,1964.50,
10,404.00,752.54,
8,946.00,969.17,
10,684.00,900.63,
10,766.00,107.29,
12,700.00,606.73,
12,940.00,1674.57,
11,554.00,1900.81,
11,1040.00,799.87,
8,155.00,1099.49,
9,685.00,724.93,
8,886.00,1644.78,
10,488.00,525.26,
11,422.00,2049.39,
8,155.00,218.69,
9,508.00,1150.51,
12,495.00,389.65,
11,117.00,1967.99,
8,718.00,314.27,
9,881.00,1912.66,
11,710.00,233.95,
8,669.00,1270.19,
11,528.00,1118.12,
10,183.00,1305.02,
10,640.00,493.27,
9,122.00,1372.11,
10,133.00,349.52,
8,614.00,1198.26,
12,150.00,1725.15,
11,819.00,1014.21,
9,949.00,1087.59,
11,866.00,2099.94,
9,429.00,1624.59,
12,804.00,998.65,
10,1084.00,336.27,
11,996.00,118.49,
10,906.00,1015.59,
9,277.00,1821.25,
11,829.00,1652.34,
9,632.00,475.09,
8,322.00,1293.11,
8,544.00,276.63,
11,649.00,858.75,
10,671.00,567.83,
8,292.00,1894.94,
11,466.00,1717.49,
12,669.00,1308.88,
11,1035.00,222.42,
8,512.00,1984.46,
12,402.00,1759.03,
12,715.00,977.71,
8,1044.00,457.43,
12,667.00,723.21,
10,921.00,1445.95,
10,594.00,1129.84,
11,597.00,1379.55,
8,513.00,1152.90,
8,1026.00,166.27,
8,683.00,114.33,
10,235.00,597.87,
12,645.00,1395.76,
8,776.00,735.33,
8,687.00,1050.25,
11,361.00,323.83,
9,1024.00,1378.79,
8,874.00,426.01,
10,895.00,707.11,
10,1021.00,1557.60,
8,511.00,1439.85,
10,953.00,970.16,
9,984.00,1913.90,
9,223.00,827.49,
10,602.00,2083.44,
9,970.00,213.74,
10,1037.00,968.30,
8,886.00,1350.03,
9,1039.00,1330.31,
11,968.00,1558.26,
11,561.00,325.85,
8,164.00,1590.94,
10,448.00,497.33,
11,1075.00,2070.49,
9,561.00,1508.97,
10,587.00,1869.74,
7,847.00,672.46,
6,836.00,233.10,
1,953.00,1165.90,
4,907.00,289.91,
2,636.00,1222.89,
5,608.00,208.47,
1,658.00,831.92,
2,961.00,1160.73,
3,733.00,1094.09,
7,633.00,1004.04,
1,995.00,799.54,
2,804.00,1000.73,
4,623.00,779.78,
1,881.00,979.66,
2,653.00,994.80,
7,611.00,90.51,
5,846.00,462.08,
1,674.00,519.53,
2,734.00,848.54,
1,729.00,855.65,
6,754.00,893.98,
5,710.00,151.86,
3,720.00,447.94,
4,615.00,1113.95,
4,691.00,1180.46,
1,906.00,877.70,
5,974.00,634.93,
6,605.00,1173.36,
1,641.00,987.55,
4,764.00,550.89,
2,679.00,112.77,
2,930.00,115.16,
2,874.00,298.18,
7,990.00,992.07,
3,793.00,999.93,
4,745.00,286.12,
3,609.00,461.00,
2,903.00,51.49,
5,843.00,378.05,
5,932.00,455.93,
3,725.00,112.02,
5,771.00,91.77,
3,815.00,951.24,
7,759.00,712.74,
7,671.00,125.76,
3,727.00,738.52,
4,799.00,926.48,
2,873.00,72.47,
1,807.00,789.14,
5,869.00,574.16,
7,799.00,1019.86,
4,909.00,573.21,
2,842.00,333.45,
5,867.00,568.50,
2,625.00,435.72,
3,686.00,312.73,
2,881.00,1071.94,
3,908.00,1069.38,
2,626.00,354.60,
3,621.00,290.87,
3,631.00,413.93,
2,685.00,870.75,
6,958.00,1150.07,
3,819.00,1057.52,
2,773.00,95.48,
5,732.00,1234.94,
5,941.00,840.25,
1,930.00,662.74,
3,745.00,219.84,
1,916.00,899.59,
7,671.00,382.72,
2,644.00,859.31,
3,929.00,1069.45,
3,671.00,1047.82,
3,916.00,982.91,
6,668.00,554.34,
2,840.00,1140.61,
2,659.00,368.17,
3,758.00,371.29,
7,618.00,713.57,
4,621.00,330.05,
5,909.00,382.46,
1,928.00,1155.97,
1,673.00,407.71,
4,961.00,756.98,
2,924.00,504.06,
7,988.00,983.04,
1,828.00,62.05,
3,617.00,636.04,
5,637.00,901.81,
2,781.00,397.22,
5,852.00,391.78,
1,916.00,528.22,
2,724.00,1153.01,
7,771.00,1128.93,
6,795.00,511.77,
4,717.00,1004.20,
3,921.00,469.02,
6,891.00,447.64,
6,686.00,1158.71,
10,481.00,479.49,
1,631.00,598.99,
9,374.00,473.49,
8,583.00,652.49,
3,561.00,635.99,
3,214.00,537.99,
10,91.00,661.49,
6,593.00,380.99,
7,62.00,63.49,
9,436.00,797.49,
2,806.00,384.49,
3,738.00,772.99,
10,125.00,347.49,
7,748.00,111.49,
8,196.00,467.49,
6,71.00,363.49,
10,832.00,509.99,
3,441.00,120.99,
8,801.00,710.99,
3,353.00,103.49,
5,762.00,545.99,
3,227.00,512.99,
6,433.00,251.49,
8,500.00,148.99,
6,227.00,488.99,
6,297.00,507.99,
8,659.00,674.49,
4,368.00,633.49,
4,162.00,145.49,
9,762.00,692.99,
4,177.00,196.99,
3,825.00,310.99,
8,210.00,792.99,
4,798.00,611.99,
4,264.00,496.99,
10,759.00,810.49,
6,640.00,74.49,
3,804.00,560.49,
10,150.00,129.49,
3,675.00,709.49,
7,761.00,264.99,
10,384.00,353.99,
2,499.00,490.49,
1,397.00,735.49,
6,73.00,274.99,
9,694.00,474.99,
2,689.00,86.99,
5,223.00,785.49,
10,517.00,668.99,
3,596.00,291.49,
1,433.47,200.17,
1,361.45,293.26,
1,426.87,370.23,
1,388.50,786.90,
2,779.35,899.04,
2,565.77,504.44,
3,778.34,566.08,
3,1177.15,162.38,
1,325.99,575.68,
1,268.21,863.78,
3,954.91,510.15,
3,1000.97,423.79,
2,653.63,661.58,
2,582.77,635.19,
3,1096.20,834.56,
1,401.78,601.52,
3,988.12,553.67,
2,806.90,841.31,
2,855.34,894.43,
1,256.67,424.79,
3,965.03,141.76,
2,549.17,812.66,
3,753.78,822.50,
2,590.71,864.93,
2,781.95,530.21,
3,1252.29,401.95,
2,803.52,804.34,
3,1120.65,722.51,
3,1142.55,523.13,
1,331.70,537.72,
2,549.33,477.49,
2,688.49,521.50,
1,338.50,317.38,
1,334.04,413.75,
3,1078.95,411.04,
2,855.30,369.34,
3,1138.76,798.20,
2,883.98,613.62,
3,812.76,225.87,
3,1248.84,738.48,
1,272.37,649.32,
2,654.88,114.82,
1,408.46,547.84,
3,1001.77,319.53,
1,445.60,460.16,
1,287.52,410.39,
2,775.05,803.21,
2,541.81,741.29,
3,1132.53,418.09,
3,1251.09,162.84,
2,789.97,715.83,
2,840.96,613.85,
2,760.34,301.78,
1,275.39,290.54,
2,770.10,756.19,
1,262.43,294.99,
3,1301.45,351.22,
2,603.13,370.18,
2,818.36,626.06,
2,684.96,198.12,
2,678.10,645.70,
3,785.61,193.84,
2,610.59,423.86,
1,284.28,573.66,
1,277.02,352.96,
2,809.16,571.96,
3,1022.71,166.54,
3,959.24,839.34,
2,734.84,632.73,
1,354.56,576.14,
3,1023.03,636.39,
3,1213.43,291.53,
3,877.99,843.39,
1,296.78,564.88,
1,318.20,739.42,
1,257.52,596.37,
2,681.43,303.32,
1,372.20,837.52,
3,1164.80,516.89,
1,295.27,492.73,
2,601.30,453.81,
3,756.03,622.23,
1,435.03,828.79,
2,826.24,326.90,
1,404.81,296.00,
1,370.51,845.76,
3,1348.59,643.79,
1,348.64,391.87,
3,831.62,756.87,
2,633.16,331.36,
1,425.87,871.81,
2,660.40,804.53,
2,507.53,708.66,
1,325.25,137.92,
1,327.80,588.30,
1,280.86,556.80,
3,778.51,835.46,
3,951.97,752.25,
1,355.38,512.58,
3,1263.27,341.13,
6,176.28,1258.98,
6,108.90,883.68,
6,202.45,1004.71,
9,213.89,1052.62,
5,146.53,1013.62,
5,89.08,252.45,
8,158.81,337.00,
7,113.84,519.52,
8,110.92,831.72,
6,89.81,1186.37,
8,225.00,467.53,
5,171.63,1291.57,
9,222.77,600.30,
7,159.44,360.51,
6,91.69,1263.17,
9,134.56,286.44,
5,73.06,617.52,
5,75.50,455.96,
9,107.96,665.92,
9,188.80,999.66,
5,172.38,424.04,
6,171.38,230.39,
6,167.07,662.02,
9,327.51,1103.06,
7,78.59,978.78,
9,155.14,274.69,
8,110.51,1241.10,
8,164.17,324.01,
8,239.99,922.83,
6,199.34,235.26,
8,110.08,276.55,
6,154.38,849.34,
5,108.81,454.55,
6,69.34,357.47,
9,187.81,404.58,
6,141.73,1355.67,
9,217.31,969.58,
8,289.14,644.78,
5,123.75,887.34,
9,247.11,869.23,
8,154.78,1330.84,
9,324.60,529.55,
8,278.28,768.69,
8,262.93,1286.83,
9,219.83,282.75,
6,202.89,1146.49,
5,196.67,1287.69,
9,196.20,877.97,
5,78.67,746.61,
5,64.61,1185.92,
8,192.02,1128.66,
6,150.51,538.46,
9,231.78,1278.60,
5,126.28,1283.41,
5,65.56,430.65,
6,88.56,1228.95,
6,168.28,629.76,
6,151.28,208.96,
5,82.26,681.53,
6,139.56,1386.83,
7,266.82,553.82,
8,211.95,826.13,
5,58.26,1008.35,
9,127.15,1256.60,
6,62.96,1267.70,
7,203.20,551.10,
5,114.06,871.03,
5,130.83,1201.76,
7,241.77,1071.36,
6,221.64,339.96,
9,284.05,1141.06,
5,60.47,211.13,
5,78.74,1308.25,
5,67.72,299.35,
9,355.94,360.22,
5,183.43,1136.34,
9,320.32,914.27,
6,105.64,533.01,
9,333.05,1076.69,
5,54.10,846.26,
5,134.48,719.68,
6,199.20,457.99,
8,220.73,345.71,
6,226.82,1197.75,
9,180.95,573.25,
7,108.53,388.75,
7,153.79,1347.03,
5,137.19,1301.52,
8,303.56,205.85,
7,236.94,1323.63,
5,139.04,209.38,
7,160.74,824.95,
6,193.41,483.20,
9,134.12,719.80,
9,288.43,649.06,
5,86.28,973.41,
6,179.48,348.01,
9,98.74,954.21,
5,174.27,1391.87,
6,70.83,601.32,
8,817.00,1110.29,
7,986.00,1205.82,
9,1004.00,1323.92,
9,904.00,1013.85,
6,1067.00,1622.51,
9,1124.00,1493.19,
9,959.00,1166.22,
7,1180.00,1602.70,
7,1128.00,1062.71,
7,1044.00,1696.40,
8,1140.00,1392.93,
7,1164.00,1410.78,
8,807.00,1534.06,
7,1146.00,1736.56,
9,963.00,1663.90,
9,1004.00,1398.73,
9,831.00,1534.89,
9,957.00,1179.02,
8,912.00,1430.54,
8,1041.00,1639.18,
8,905.00,1619.56,
8,808.00,1461.82,
7,990.00,1087.81,
7,981.00,1737.94,
9,989.00,1099.70,
6,1171.00,1599.03,
7,928.00,1233.78,
8,1149.00,1121.03,
6,802.00,1593.81,
7,1133.00,1279.86,
9,905.00,1616.54,
9,877.00,1176.37,
7,1143.00,1452.33,
7,1149.00,1609.84,
7,1122.00,1150.70,
9,877.00,1743.03,
6,882.00,1482.15,
9,1057.00,1410.97,
9,1150.00,1791.96,
6,824.00,1547.56,
8,826.00,1310.47,
9,1069.00,1372.94,
7,1113.00,1555.96,
8,809.00,1268.68,
8,813.00,1400.63,
9,1081.00,1608.05,
7,850.00,1731.77,
9,873.00,1749.38,
9,1167.00,1335.68,
8,1199.00,1200.51,
6,948.00,1488.23,
8,1031.00,1513.88,
6,1154.00,1140.09,
7,946.00,1515.25,
9,1119.00,1418.19,
8,966.00,1796.25,
7,1003.00,1589.65,
8,1029.00,1061.78,
6,1153.00,1305.31,
6,1177.00,1083.48,
6,1150.00,1627.62,
7,880.00,1775.57,
6,1055.00,1793.52,
8,950.00,1525.47,
7,1002.00,1731.44,
8,1070.00,1747.86,
7,1167.00,1503.82,
6,1020.00,1550.54,
9,1163.00,1544.70,
6,900.00,1478.53,
9,1183.00,1206.35,
7,953.00,1237.55,
7,915.00,1608.92,
7,1126.00,1736.21,
9,946.00,1763.50,
8,1193.00,1129.55,
7,832.00,1450.05,
7,1090.00,1224.79,
9,993.00,1470.02,
6,1111.00,1322.07,
9,960.00,1532.85,
7,853.00,1089.72,
9,805.00,1340.20,
9,1117.00,1768.53,
8,907.00,1028.99,
8,837.00,1104.20,
8,1106.00,1588.21,
7,824.00,1178.86,
6,1105.00,1283.96,
7,1165.00,1135.12,
6,932.00,1497.49,
7,1075.00,1356.84,
9,1103.00,1337.39,
8,829.00,1487.89,
9,975.00,1277.24,
9,826.00,1403.07,
8,1169.00,1572.80,
7,1118.00,1033.63,
6,933.00,1335.99,
8,963.00,1579.96,
1,576.00,2373.15,
1,152.00,2209.06,
10,512.00,80.42,
14,504.00,2259.82,
4,328.00,1501.71,
4,901.00,86.96,
8,911.00,492.05,
8,1049.00,526.75,
3,519.00,360.18,
12,788.00,421.27,
12,1129.00,1234.30,
3,793.00,1975.29,
14,659.00,1076.39,
14,89.00,1652.22,
2,1014.00,1680.98,
14,904.00,1248.44,
11,368.00,1514.77,
7,817.00,2113.72,
12,624.00,2351.83,
13,1146.00,427.72,
3,213.00,2375.24,
13,1064.00,1186.78,
11,513.00,1428.36,
13,446.00,1531.67,
11,560.00,947.22,
9,270.00,1056.21,
6,298.00,1793.43,
8,291.00,411.83,
13,627.00,1729.02,
8,1132.00,627.48,
12,509.00,2475.72,
6,223.00,2209.25,
12,1014.00,847.28,
1,53.00,1381.07,
4,1068.00,1056.57,
11,1047.00,1596.76,
9,56.00,197.71,
13,437.00,1777.40,
12,97.00,1248.58,
4,51.00,173.85,
9,1063.00,1609.01,
9,1082.00,995.41,
11,488.00,612.55,
4,410.00,329.09,
1,603.00,1650.51,
11,443.00,1578.59,
13,913.00,2242.16,
3,1056.00,92.97,
12,65.00,2436.96,
1,940.00,2332.81,
8,222.00,2360.99,
6,304.00,1093.53,
12,768.00,443.16,
12,1085.00,1149.00,
10,113.00,2082.66,
12,117.00,586.42,
8,807.00,773.93,
6,1190.00,1834.53,
4,43.00,1867.22,
13,1045.00,2409.07,
9,997.00,497.50,
11,541.00,385.08,
1,48.00,843.74,
1,75.00,114.73,
5,1034.00,723.89,
3,71.00,1557.64,
9,515.00,756.50,
11,1124.00,1932.80,
1,583.00,2410.52,
9,350.00,269.75,
11,1166.00,538.75,
1,667.00,2006.02,
3,743.00,1107.23,
4,182.00,159.32,
7,85.00,1790.44,
4,691.00,1656.88,
8,1084.00,658.58,
6,602.00,1875.89,
1,542.00,662.37,
11,79.00,1288.84,
13,688.00,133.25,
10,539.00,305.48,
4,255.00,2434.30,
7,842.00,1199.60,
1,134.00,754.27,
11,1183.00,690.60,
7,174.00,1182.78,
14,26.00,1295.70,
5,910.00,310.13,
12,591.00,2344.58,
10,1148.00,1253.14,
1,1153.00,640.68,
11,804.00,593.41,
1,975.00,1343.91,
2,1052.00,1311.89,
5,703.00,2310.77,
9,994.00,2301.21,
2,201.00,1655.83,
2,161.00,1029.57,
5,346.00,871.39,
13,357.00,934.61,
6,1029.00,2050.57,
8,579.00,2268.55,
13,420.00,2369.66,
7,1150.00,2287.73,
8,932.00,1924.74,
7,977.00,2230.53,
6,922.00,1712.35,
1,600.00,1935.12,
11,481.00,1804.18,
12,1200.00,198.12,
4,163.00,1099.16,
13,509.00,22.91,
3,676.00,1242.67,
1,1189.00,1464.17,
10,684.00,641.56,
11,1081.00,614.35,
2,593.00,1716.87,
10,445.00,907.42,
4,1090.00,1617.95,
5,1084.00,106.66,
11,696.00,859.36,
6,879.00,1293.90,
7,659.00,626.92,
3,14.00,1435.31,
11,1106.00,1083.85,
13,549.00,95.78,
5,1014.00,1117.39,
4,574.00,1650.50,
13,500.00,1514.80,
1,780.00,221.55,
5,733.00,900.57,
2,381.00,1987.64,
1,22.00,1427.07,
2,286.00,647.92,
4,205.00,2460.47,
2,1034.00,794.30,
1,188.00,1564.89,
8,860.00,2376.18,
2,203.00,1419.05,
1,615.00,730.72,
3,284.00,1599.53,
4,922.00,118.84,
13,484.00,1526.43,
7,688.00,452.70,
10,1127.00,1869.42,
12,880.00,1363.64,
5,808.00,579.68,
3,505.00,694.38,
13,237.00,1239.24,
6,527.00,1789.29,
11,359.00,1094.25,
12,1190.00,862.07,
11,1104.00,1108.62,
7,669.00,950.57,
5,361.00,163.23,
6,383.00,1543.06,
1,510.00,725.45,
6,1188.00,488.90,
10,711.00,1368.93,
13,603.00,2228.88,
12,37.00,43.66,
1,172.00,787.13,
3,158.00,2306.70,
11,69.00,1913.18,
12,284.00,662.12,
10,140.00,368.35,
5,632.00,1545.73,
8,723.00,902.34,
12,1076.00,1001.43,
13,876.00,891.84,
14,833.00,2422.03,
6,459.00,593.63,
13,1202.00,824.34,
4,56.00,1735.86,
3,266.00,2172.78,
10,519.00,1526.43,
14,1094.00,2182.28,
7,435.00,2479.02,
9,699.00,2009.79,
10,266.00,594.74,
11,964.00,2283.57,
11,825.00,1321.23,
11,11.00,2099.14,
10,357.00,2269.01,
3,485.00,2077.18,
3,459.00,198.79,
3,9.00,1047.09,
3,838.00,397.08,
11,997.00,588.91,
13,882.00,1693.29,
12,1027.00,873.45,
3,1073.00,989.19,
6,256.00,1138.83,
7,909.00,189.71,
7,460.00,1113.62,
9,683.00,1513.82,
8,819.00,1838.36,
3,157.00,1527.37,
10,473.00,1533.74,
2,1106.00,1360.12,
3,219.00,2024.08,
14,567.00,2180.32,
7,386.00,1244.22,
5,716.00,523.74,
10,490.00,1941.60,
2,507.00,2294.64,
3,973.00,2384.47,
6,345.00,2002.71,
13,888.00,1686.78,
3,656.00,1642.27,
12,732.00,839.55,
5,1204.00,2342.56,
2,870.00,1743.00,
10,564.00,2459.18,
13,1177.00,1097.08,
14,261.00,2156.06,
11,1135.00,1682.88,
3,1022.00,1891.89,
10,374.00,620.20,
5,133.00,894.29,
14,1084.00,1376.89,
7,1094.00,1630.05,
9,1058.00,1583.86,
4,104.00,1526.31,
6,581.00,2384.41,
2,1192.00,576.89,
3,146.00,546.62,
3,559.00,1448.86,
12,1183.00,613.48,
2,22.00,2257.38,
11,429.00,577.44,
11,784.00,508.24,
8,918.00,1524.35,
13,723.00,1949.98,
4,725.00,1440.29,
12,1052.00,815.85,
14,901.00,1261.51,
13,1001.00,1699.89,
12,468.00,1645.68,
4,563.00,1926.83,
7,345.00,1660.76,
11,602.00,1634.67,
5,598.00,1097.35,
13,966.00,1499.92,
13,464.00,970.14,
3,283.00,1269.46,
6,1118.00,1403.27,
10,745.00,2247.07,
7,1093.00,2257.72,
3,548.00,349.79,
4,320.00,575.74,
12,936.00,1654.16,
8,460.00,2403.57,
12,393.00,1282.42,
14,1144.00,1943.83,
6,321.00,1639.35,
11,1126.00,2477.21,
10,93.00,1484.80,
11,1196.00,1931.08,
13,819.00,101.93,
12,554.00,1915.10,
7,280.00,374.74,
8,403.00,1576.88,
4,985.00,2239.09,
6,610.00,1985.99,
4,454.00,1022.79,
3,676.00,2070.13,
14,183.00,232.13,
11,684.00,1584.13,
5,614.00,1985.91,
13,65.00,151.94,
6,214.00,1974.21,
10,863.00,2117.18,
10,185.00,84.54,
11,996.00,326.30,
11,456.00,2092.42,
9,1148.00,2108.95,
14,245.00,1630.06,
5,286.00,1233.52,
4,77.00,895.96,
8,191.00,766.46,
2,241.00,918.64,
2,778.00,1420.74,
1,749.00,2354.17,
7,227.00,540.16,
6,832.00,1663.49,
7,848.00,200.25,
9,748.00,455.86,
6,780.00,1489.85,
7,120.00,2150.42,
5,67.00,846.38,
13,559.00,2320.49,
9,1100.00,347.01,
5,596.00,710.14,
9,348.00,1190.46,
7,119.00,182.73,
12,1042.00,347.80,
6,400.00,834.93,
7,683.00,1657.60,
10,142.00,246.28,
13,985.00,341.57,
2,697.00,720.17,
14,955.00,2406.18,
1,1040.00,1618.05,
13,145.00,968.78,
13,765.00,876.94,
7,658.00,2149.80,
11,97.00,522.99,
14,434.00,2023.28,
13,198.00,2341.11,
11,556.00,363.10,
13,572.00,10.34,
7,449.00,1763.90,
9,331.00,2070.01,
3,478.00,1010.31,
12,208.00,1540.87,
14,115.00,1272.87,
12,297.00,2372.64,
5,540.00,1556.64,
4,207.00,2458.49,
14,145.00,1235.63,
1,984.00,564.51,
9,462.00,964.16,
3,121.00,2319.92,
4,717.00,1735.25,
8,1045.00,283.42,
4,666.00,2188.11,
13,412.00,1319.85,
5,1060.00,273.14,
8,113.00,2418.47,
14,738.00,128.67,
8,820.00,1055.48,
12,9.00,1415.28,
7,625.00,836.48,
1,202.00,761.30,
8,352.00,836.61,
14,778.00,1213.02,
12,213.00,2322.06,
2,964.00,597.26,
10,950.00,2113.39,
5,293.00,1170.63,
9,1089.00,53.53,
8,936.00,893.86,
8,106.00,1837.68,
1,925.00,2262.04,
2,593.00,24.75,
11,614.00,111.00,
12,649.00,2065.18,
14,473.00,1033.67,
8,554.00,480.40,
5,1043.00,330.74,
14,432.00,1448.60,
6,952.00,463.65,
14,1189.00,321.94,
12,542.00,2249.76,
9,580.00,1275.75,
8,152.00,1219.63,
9,309.00,460.93,
13,481.00,2069.53,
12,1087.00,699.79,
14,138.00,1319.25,
7,907.00,2061.37,
14,791.00,552.20,
4,477.00,2198.19,
4,1130.00,1304.39,
11,858.00,1060.51,
7,283.00,380.62,
12,422.00,2321.63,
9,843.00,874.30,
4,600.00,1346.45,
9,603.00,877.96,
12,965.00,2345.38,
2,642.00,632.56,
7,525.00,1992.53,
2,1106.00,1109.85,
7,1103.00,2390.78,
8,1017.00,1332.77,
4,1162.00,1165.14,
6,510.00,1568.37,
4,512.00,1317.65,
9,1152.00,2070.68,
11,256.00,1501.78,
9,400.00,604.22,
2,446.00,892.69,
2,138.00,2401.44,
5,764.00,728.66,
4,426.00,1521.33,
11,506.00,1571.75,
11,1046.00,1099.46,
3,958.00,1206.36,
10,30.00,869.54,
13,813.00,25.12,
5,328.00,851.76,
10,196.00,1145.73,
4,1044.00,764.26,
8,909.00,1065.44,
14,68.00,2216.81,
12,465.00,1932.45,
3,33.00,1537.58,
7,672.00,1279.62,
8,727.00,1037.24,
1,258.00,187.35,
14,1018.00,1740.67,
1,675.00,1989.70,
7,681.00,1212.42,
9,471.00,1924.01,
7,791.00,1427.08,
14,509.00,1357.03,
5,748.00,334.13,
6,61.00,433.64,
12,293.00,714.34,
6,224.00,449.44,
14,101.00,2119.72,
6,768.00,1967.49,
11,866.00,1224.07,
4,162.00,253.47,
1,1138.00,1413.97,
5,732.00,1542.85,
9,455.00,1134.02,
11,21.00,1978.76,
3,604.00,2159.71,
11,737.00,504.04,
8,909.00,2084.56,
11,571.00,327.26,
9,522.00,1351.55,
13,202.00,1124.59,
2,1124.00,1367.83,
14,587.00,2002.28,
10,665.00,2386.27,
9,121.00,57.81,
8,622.00,2309.96,
5,131.00,461.60,
9,406.00,1553.75,
13,993.00,833.49,
13,308.00,1396.63,
5,288.00,596.76,
3,738.00,1352.85,
11,620.00,604.47,
12,324.00,354.97,
13,69.00,2402.65,
13,125.00,164.64,
11,117.00,1449.35,
12,421.00,1156.80,
12,122.00,2499.74,
13,902.00,1805.97,
13,395.00,2080.24,
8,141.00,2173.95,
12,749.00,358.90,
10,882.00,145.96,
5,1052.00,1256.63,
11,156.00,848.03,
4,616.00,1896.26,
5,1162.00,758.67,
2,409.00,722.18,
1,83.00,1652.36,
13,531.00,658.32,
7,784.00,222.22,
10,970.00,2139.95,
8,113.00,1018.79,
10,1007.00,1328.27,
2,164.00,576.55,
13,670.00,1064.88,
8,70.00,2313.66,
6,1177.00,2301.83,
13,51.00,2453.23,
1,546.00,254.80,
13,72.00,178.62,
10,741.00,1759.38,
2,683.00,253.52,
11,390.00,573.71,
2,1149.00,1784.39,
3,860.00,1178.75,
12,358.00,1882.65,
2,476.00,1763.38,
11,809.00,2189.02,
2,317.00,1832.14,
6,748.00,1367.40,
8,430.00,100.08,
3,1047.00,1477.38,
6,106.00,1547.44,
12,203.00,711.88,
2,1119.00,1356.53,
10,884.00,755.47,
12,398.00,1090.47,
3,250.00,365.14,
13,514.00,34.11,
5,481.00,285.05,
1,1037.00,2006.96,
7,172.00,2031.90,
1,83.00,1215.47,
13,343.00,660.97,
3,95.00,874.80,
5,517.00,770.83,
9,419.00,756.40,
9,195.00,2459.09,
10,922.00,1264.65,
12,1002.00,1807.74,
7,1150.00,1699.98,
1,1108.00,1294.75,
11,962.00,1478.25,
8,914.00,1964.30,
8,488.00,557.08,
1,391.00,2419.83,
4,250.00,693.46,
10,60.00,806.80,
3,924.00,2320.59,
8,607.00,698.48,
6,972.00,2183.79,
13,1005.00,834.83,
3,937.00,2272.37,
6,473.00,16.51,
12,487.00,1031.18,
11,883.00,251.10,
5,627.00,2240.75,
5,1200.00,1156.11,
14,620.00,1569.24,
7,1166.00,336.46,
7,810.00,1087.88,
5,286.00,599.71,
4,1182.00,1126.79,
2,153.00,2314.97,
6,1028.00,272.31,
13,268.00,1122.84,
3,307.00,1755.74,
11,313.00,2298.74,
10,791.00,1658.47,
9,471.00,330.38,
7,459.00,846.47,
8,341.00,1823.02,
6,191.00,501.66,
9,377.00,2425.88,
1,628.00,1581.87,
9,406.00,299.16,
10,997.00,881.40,
4,344.00,1710.78,
11,1117.00,1174.86,
1,149.00,2493.15,
4,202.00,138.02,
14,374.00,262.35,
4,369.00,2122.13,
11,1029.00,1950.14,
6,820.00,1917.58,
10,679.00,1753.20,
3,456.00,1404.93,
14,461.00,806.99,
7,462.00,2231.60,
6,526.00,2406.96,
3,276.00,2031.19,
8,20.00,1483.23,
13,627.00,1426.65,
1,670.00,1988.67,
10,383.00,2082.33,
3,296.00,2166.12,
12,163.00,2100.56,
13,771.00,2481.54,
12,1006.00,2480.21,
13,1011.00,844.18,
2,130.00,1977.52,
3,129.00,1010.90,
14,356.00,83.15,
8,52.00,1260.64,
6,255.00,1967.03,
13,269.00,213.95,
13,535.00,2048.26,
9,918.00,708.33,
4,733.00,375.04,
7,470.00,1247.13,
8,923.00,1106.17,
6,32.00,2298.24,
11,704.00,339.88,
8,795.00,82.82,
6,48.00,2272.74,
11,960.00,130.71,
9,336.00,51.53,
2,439.00,1975.43,
1,1179.00,677.79,
9,310.00,1042.56,
1,507.00,1860.17,
2,93.00,2129.84,
4,857.00,2032.03,
12,329.00,489.60,
10,787.00,605.54,
12,753.00,441.53,
2,1025.00,817.17,
7,51.00,2013.84,
8,779.00,2125.77,
5,537.00,196.09,
5,895.00,1337.73,
2,21.00,1580.31,
2,451.00,441.24,
4,370.00,1197.70,
2,926.00,682.45,
2,605.00,1778.58,
4,661.00,717.98,
12,114.00,2496.43,
10,989.00,401.78,
13,234.00,891.34,
4,270.00,1138.77,
5,958.00,2142.52,
12,578.00,218.37,
7,307.00,1920.85,
1,182.00,2201.62,
4,787.00,1789.88,
14,1077.00,2277.90,
10,1107.00,1335.84,
7,646.00,1312.27,
13,628.00,260.39,
2,662.00,272.79,
13,115.00,1660.50,
6,793.00,900.51,
8,103.00,2000.07,
2,710.00,1154.72,
9,488.00,2275.11,
8,928.00,1294.01,
3,920.00,1825.20,
7,19.00,1682.59,
5,168.00,2394.89,
6,457.00,698.73,
10,1122.00,1526.39,
14,459.00,2396.34,
10,1186.00,2275.97,
4,1062.00,731.35,
12,364.00,883.19,
13,634.00,836.91,
11,58.00,1441.81,
3,559.00,2262.05,
2,555.00,631.38,
7,979.00,2299.81,
5,109.00,1855.21,
14,103.00,1495.45,
1,763.00,1869.21,
14,75.00,302.17,
14,26.00,1762.67,
7,747.00,1416.67,
1,700.00,1774.48,
14,539.00,1580.25,
9,34.00,1728.98,
8,354.00,2465.96,
9,200.00,107.34,
2,685.00,1716.58,
12,1159.00,1415.93,
13,289.00,908.33,
12,607.00,957.66,
10,1151.00,1948.86,
5,885.00,1226.68,
3,958.00,1160.25,
14,326.00,1927.37,
3,921.00,1199.16,
3,848.00,2007.92,
9,122.00,1236.33,
2,1182.00,1586.03,
12,418.00,1040.68,
11,1174.00,1029.91,
9,493.00,209.28,
4,648.00,212.45,
11,987.00,874.72,
6,38.00,2065.07,
11,907.00,439.28,
4,79.00,138.46,
1,907.00,1381.15,
10,175.00,399.05,
5,557.00,561.83,
14,313.00,1576.35,
2,982.00,668.62,
3,961.00,2337.89,
5,862.00,2197.62,
8,896.00,2494.50,
9,226.00,1018.54,
12,667.00,1746.16,
14,570.00,633.94,
11,628.00,244.77,
8,480.00,1178.35,
13,848.00,1007.82,
6,139.00,1853.11,
12,84.00,1947.11,
10,322.00,1954.49,
12,1202.00,47.09,
1,175.00,988.50,
8,639.00,1078.71,
3,957.00,1583.91,
2,977.00,949.80,
8,52.00,1503.66,
12,252.00,2019.55,
5,397.00,2364.04,
2,43.00,2170.63,
11,405.00,1311.09,
4,464.00,1411.68,
7,343.00,2011.58,
12,487.00,1505.94,
4,193.00,1004.75,
13,576.00,1807.79,
3,845.00,1212.19,
11,903.00,2039.87,
6,869.00,110.72,
8,1031.00,1289.16,
6,748.00,1057.75,
13,1197.00,2139.22,
1,1150.00,1081.28,
9,818.00,289.89,
13,655.00,1479.98,
13,238.00,1507.89,
6,98.00,2004.13,
3,205.00,898.92,
2,1196.00,1017.47,
9,1120.00,2050.66,
4,488.00,2430.04,
9,532.00,2476.61,
3,493.00,1421.20,
2,304.00,302.32,
7,536.00,2253.63,
8,183.00,804.61,
4,57.00,1647.63,
7,1125.00,463.35,
13,1121.00,1182.53,
2,208.00,1816.26,
1,839.00,1747.73,
12,94.00,1716.53,
13,244.00,561.64,
2,894.00,287.48,
12,453.00,840.07,
6,269.00,1184.94,
1,953.00,1516.77,
9,122.00,2085.35,
10,470.00,539.81,
1,951.00,841.82,
8,200.00,1406.73,
4,1021.00,985.65,
3,1115.00,2031.40,
1,1183.00,2400.74,
11,1088.00,2089.02,
7,708.00,915.33,
1,439.00,1543.00,
4,968.00,478.19,
3,1049.00,1348.38,
12,394.00,1642.37,
10,479.00,1204.02,
1,957.00,2001.22,
2,904.00,2055.61,
4,654.00,78.49,
14,982.00,554.99,
14,254.00,136.32,
1,938.00,591.86,
1,584.00,1935.55,
14,1135.00,594.91,
10,282.00,2455.51,
8,963.00,1811.22,
8,987.00,487.93,
12,255.00,1349.04,
8,600.00,9.34,
11,11.00,1449.22,
14,335.00,1940.42,
1,314.00,1228.63,
14,709.00,1336.33,
10,964.00,416.03,
10,855.00,1111.35,
5,288.00,267.07,
5,143.00,385.25,
3,907.00,1435.63,
10,644.00,408.50,
12,728.00,2430.88,
7,220.00,914.34,
12,1047.00,2372.76,
6,577.00,1406.16,
5,232.00,1362.30,
8,657.00,2033.04,
1,205.00,2271.51,
10,375.00,419.63,
12,847.00,2418.87,
14,195.00,1161.66,
8,45.00,207.78,
1,307.00,1916.15,
6,389.00,244.11,
1,951.00,878.61,
6,450.00,494.88,
2,670.00,1659.62,
14,77.00,956.42,
6,135.00,2059.96,
7,991.00,1019.58,
4,241.00,536.45,
5,171.00,721.03,
2,281.00,604.26,
13,761.00,525.21,
8,853.00,178.69,
9,143.00,2409.24,
12,410.00,346.61,
13,1194.00,1658.45,
10,224.00,2252.51,
1,334.00,29.88,
2,1010.00,2136.19,
3,49.00,1490.26,
8,93.00,326.83,
10,885.00,345.37,
8,15.00,1927.26,
10,356.00,464.56,
10,785.00,1660.56,
14,255.00,2499.49,
12,1058.00,791.78,
4,381.00,681.79,
2,353.00,208.51,
9,57.00,1218.18,
14,168.00,576.18,
8,1118.00,668.88,
9,235.00,1229.26,
1,93.00,2433.19,
4,1172.00,2415.18,
3,167.00,99.39,
4,350.00,84.60,
5,1072.00,2278.13,
9,669.00,1220.32,
5,574.00,33.78,
2,26.00,960.90,
2,751.00,902.76,
8,38.00,1618.13,
9,399.00,1059.51,
2,537.00,1884.35,
10,763.00,1923.70,
1,573.00,182.24,
2,267.00,2462.62,
7,437.00,242.43,
7,468.00,1178.59,
12,229.00,1191.87,
12,476.00,1589.08,
11,247.00,1329.13,
3,1120.00,2437.33,
11,742.00,1569.42,
3,397.00,2003.96,
13,670.00,1553.47,
1,425.00,2292.36,
11,135.00,2220.48,
14,20.00,241.91,
7,581.00,990.82,
14,812.00,450.11,
9,56.00,567.31,
7,277.00,2478.07,
7,402.00,2432.25,
5,522.00,1530.52,
5,1081.00,1311.05,
12,1027.00,548.01,
12,275.00,2354.38,
4,288.00,2038.13,
13,586.00,115.09,
3,527.00,1182.56,
5,881.00,646.59,
13,150.00,289.93,
5,860.00,1866.25,
4,725.00,2087.26,
7,436.00,1116.61,
14,530.00,655.51,
14,1054.00,1816.81,
6,1166.00,2343.86,
11,722.00,2474.54,
3,201.00,261.52,
10,957.00,132.57,
6,714.00,681.67,
14,1012.00,1824.19,
7,314.00,1341.75,
6,1010.00,173.28,
2,943.00,1876.23,
2,900.00,698.52,
11,831.00,1551.61,
12,446.00,2318.21,
11,1149.00,1098.46,
4,959.00,1978.22,
13,756.00,650.74,
12,94.00,572.92,
14,1109.00,2097.26,
7,689.00,1833.03,
5,27.00,321.49,
4,620.00,977.92,
9,401.00,437.98,
2,359.00,1980.32,
4,1150.00,1137.87,
6,48.00,2217.52,
6,448.00,1102.50,
9,613.00,1374.80,
11,155.00,1045.41,
11,892.00,1170.90,
1,1187.00,1878.45,
2,93.00,1205.92,
3,769.00,1168.99,
10,526.00,1171.27,
3,846.00,481.33,
12,160.00,987.85,
3,966.00,2347.12,
11,129.00,696.05,
2,695.00,189.18,
5,482.00,442.34,
7,235.00,1036.95,
3,1106.00,761.82,
10,468.00,1190.58,
10,607.00,350.54,
7,755.00,2335.81,
12,182.00,1541.63,
1,505.00,695.44,
8,342.00,2207.93,
2,692.00,1665.46,
11,545.00,857.08,
5,780.00,783.50,
2,535.00,1276.57,
6,764.00,1981.09,
3,737.00,1747.96,
12,737.00,1648.85,
13,1101.00,1665.90,
13,521.00,1956.10,
6,920.00,908.17,
4,97.00,1733.84,
14,165.00,604.66,
8,40.00,2497.08,
6,25.00,1873.73,
6,631.00,1804.44,
5,856.00,1881.85,
1,1125.00,251.52,
6,944.00,1419.27,
10,884.00,1375.26,
13,929.00,895.25,
7,615.00,1725.60,
2,258.00,1851.67,
1,778.00,1401.91,
6,909.00,483.15,
2,398.00,1146.60,
12,415.00,1735.36,
5,267.00,467.50,
3,38.00,134.20,
4,981.00,512.32,
5,191.00,281.27,
12,1006.00,27.76,
9,672.00,280.93,
8,433.00,494.58,
2,1053.00,247.51,
12,252.00,72.79,
9,1014.00,726.81,
2,1143.00,1090.56,
9,27.00,124.64,
14,440.00,492.03,
7,996.00,917.37,
9,400.00,348.29,
14,153.00,1648.37,
14,325.00,1917.94,
6,991.00,762.36,
7,601.00,2084.07,
4,66.00,193.47,
4,281.00,2237.36,
8,1184.00,559.23,
3,806.00,603.44,
5,933.00,684.40,
5,64.00,1925.94,
2,10.00,2468.90,
13,633.00,1913.20,
1,1174.00,2014.99,
5,273.00,2051.57,
6,258.00,388.32,
14,1010.00,1197.93,
2,76.00,1863.02,
11,980.00,1304.45,
14,456.00,55.16,
4,196.00,1594.87,
8,669.00,704.06,
12,413.00,1099.97,
4,505.00,305.45,
8,38.00,1163.20,
2,388.00,357.87,
1,1026.00,1731.84,
5,1046.00,1420.76,
12,955.00,2030.96,
2,402.00,532.30,
8,875.00,2382.09,
1,763.00,579.11,
12,297.00,607.34,
10,380.00,623.88,
9,1040.00,202.57,
12,364.00,2358.68,
1,685.00,2423.88,
4,465.00,2200.53,
8,496.00,2492.47,
8,378.00,540.54,
10,9.00,75.85,
6,760.00,598.96,
14,539.00,1339.42,
13,320.00,1637.62,
11,760.00,222.95,
7,1185.00,1309.04,
14,790.00,2301.50,
11,258.00,1856.19,
5,342.00,753.55,
6,193.00,1987.01,
3,1136.00,2213.60,
7,193.00,539.76,
6,495.00,1597.88,
9,495.00,735.61,
7,745.00,1028.31,
14,1035.00,144.92,
9,775.00,747.08,
12,27.00,1678.69,
13,991.00,566.14,
9,1064.00,556.11,
10,620.00,2182.45,
14,26.00,2032.26,
11,250.00,2303.63,
4,337.00,1551.02,
2,115.00,1426.07,
5,372.00,1950.43,
11,884.00,2184.96,
1,97.00,1248.70,
11,391.00,1690.80,
7,232.00,848.84,
12,240.00,319.22,
14,50.00,1216.45,
13,345.00,1002.51,
13,597.00,1538.32,
14,42.00,540.45,
13,556.00,220.52,
13,435.00,552.10,
9,773.00,382.58,
7,939.00,2321.24,
12,321.00,790.83,
14,883.00,1991.80,
4,269.00,254.42,
2,376.00,2468.65,
4,1068.00,998.25,
12,876.00,488.60,
8,929.00,687.79,
6,810.00,1597.46,
14,863.00,1036.23,
5,345.00,2089.38,
2,51.00,1965.74,
1,527.00,2167.90,
5,1203.00,1618.95,
7,1043.00,1087.28,
2,114.00,585.19,
7,1086.00,1548.12,
8,350.00,101.95,
4,102.00,882.32,
13,145.00,1949.63,
12,420.00,287.26,
3,595.00,2212.22,
1,1064.00,124.37,
7,1007.00,2153.18,
3,919.00,2393.78,
13,723.00,1900.10,
14,737.00,1580.84,
9,457.00,847.77,
7,463.00,1793.96,
3,811.00,2340.91,
14,759.00,1652.93,
4,984.00,2065.77,
6,5.00,2166.25,
6,489.00,410.91,
10,384.00,163.08,
5,559.00,1368.42,
2,815.00,587.78,
11,456.00,1610.88,
13,521.00,791.92,
2,397.00,2236.31,
14,1052.00,1173.38,
11,171.00,2091.98,
9,474.00,1703.77,
8,373.00,1794.87,
7,972.00,222.91,
13,426.00,2364.09,
6,690.00,2226.09,
14,566.00,2164.53,
6,123.00,250.62,
12,448.00,241.75,
5,84.00,850.76,
8,676.00,946.00,
6,1012.00,2127.00,
9,756.00,1860.43,
8,192.00,2278.86,
14,693.00,1162.36,
11,167.00,1650.67,
4,386.00,1653.51,
6,372.00,1700.90,
6,669.00,1709.68,
3,949.00,2352.16,
13,950.00,944.60,
12,406.00,206.15,
5,375.00,1068.58,
2,406.00,861.17,
9,724.00,1777.16,
12,166.00,1298.49,
5,839.00,1582.38,
2,784.00,336.59,
6,600.00,863.00,
11,87.00,483.93,
2,129.00,1411.96,
3,42.00,1483.93,
1,1132.00,966.51,
3,339.00,90.94,
2,692.00,1370.00,
2,879.00,1122.19,
6,395.00,2242.90,
1,142.00,1686.33,
1,547.00,718.83,
1,5.00,2465.44,
10,489.00,2089.81,
1,1125.00,62.49,
3,340.00,622.45,
11,218.00,1930.88,
5,994.00,1746.53,
14,817.00,252.07,
14,57.00,1555.07,
5,581.00,2398.47,
5,1012.00,1998.03,
6,402.00,1847.32,
5,598.00,2046.02,
6,522.00,1846.90,
2,565.00,1354.23,
12,475.00,1760.23,
10,235.00,1908.00,
6,647.00,742.82,
3,681.00,417.43,
12,575.00,225.66,
10,704.00,407.08,
4,482.00,1632.64,
6,114.00,202.02,
3,924.00,1908.70,
11,868.00,1119.83,
5,1158.00,1243.58,
3,207.00,2413.50,
7,1049.00,666.36,
11,393.00,324.73,
13,152.00,2204.34,
13,1080.00,1339.97,
6,20.00,1553.83,
8,867.00,458.73,
11,821.00,2062.85,
2,196.00,1253.07,
6,178.00,1057.00,
6,126.00,1465.52,
4,1138.00,1389.01,
6,660.00,360.19,
1,962.00,933.13,
7,1003.00,2061.37,
8,1189.00,828.62,
7,1150.00,1819.28,
1,1071.00,2492.84,
7,324.00,2287.77,
7,786.00,2434.40,
6,570.00,1650.91,
13,746.00,1891.31,
14,94.00,1236.90,
14,819.00,769.01,
5,834.00,1426.61,
3,315.00,1518.61,
11,676.00,1814.38,
1,944.00,1843.46,
6,309.00,1725.42,
10,954.00,526.79,
2,734.00,1928.85,
2,1183.00,2210.85,
3,671.00,1408.73,
13,117.00,438.49,
2,895.00,227.10,
5,709.00,2332.09,
10,391.00,2360.12,
2,93.00,1404.20,
1,306.00,1232.02,
11,678.00,181.13,
8,232.00,1629.16,
13,118.00,786.78,
2,601.00,345.56,
3,854.00,28.92,
8,388.00,2026.62,
5,1076.00,1768.72,
13,693.00,737.48,
6,31.00,2433.74,
13,1126.00,2130.10,
10,1044.00,1778.30,
13,995.00,977.22,
9,957.00,434.30,
4,1020.00,1098.21,
9,682.00,226.49,
4,41.00,2157.93,
11,366.00,561.47,
6,1003.00,2364.33,
1,712.00,533.19,
7,753.00,992.95,
2,40.00,1208.23,
13,28.00,1442.51,
10,866.00,1723.99,
1,709.00,1856.15,
11,88.00,1886.62,
3,1067.00,661.38,
3,687.00,2167.43,
13,165.00,2116.28,
2,556.00,339.52,
7,194.00,1086.92,
1,486.00,1923.41,
12,1135.00,490.97,
13,1082.00,455.67,
5,435.00,1559.16,
3,1140.00,46.71,
3,264.00,2367.19,
11,809.00,784.40,
2,25.00,28.56,
5,583.00,130.40,
8,1198.00,965.46,
8,362.00,1696.90,
1,1036.00,693.83,
12,732.00,191.77,
7,779.00,1994.95,
3,501.00,456.95,
6,261.00,308.11,
7,1097.00,902.92,
12,335.00,1933.64,
5,732.00,1868.89,
8,903.00,1538.82,
11,1155.00,2427.34,
1,532.00,2093.51,
12,901.00,687.17,
14,726.00,199.77,
7,851.00,2344.00,
8,718.00,1873.02,
4,672.00,2018.44,
5,549.00,2148.52,
14,1181.00,907.21,
8,46.00,305.14,
13,164.00,1394.17,
5,182.00,1152.56,
12,837.00,710.51,
3,778.00,2149.56,
4,1103.00,45.53,
11,965.00,364.30,
13,323.00,980.81,
7,25.00,1970.35,
4,929.00,213.35,
3,413.00,2200.26,
11,952.00,1758.23,
4,1147.00,1045.94,
11,349.00,252.90,
5,447.00,1243.44,
9,385.00,973.11,
7,626.00,1147.75,
9,991.00,1671.40,
11,720.00,1355.82,
3,543.00,155.31,
2,79.00,116.49,
4,485.00,593.34,
7,617.00,1410.67,
13,247.00,2003.32,
8,963.00,1851.99,
10,376.00,1240.59,
5,779.00,1000.15,
12,783.00,2313.94,
10,698.00,2451.70,
12,462.00,1878.35,
1,842.00,457.85,
14,820.00,938.43,
8,849.00,1321.20,
6,178.00,2420.59,
8,838.00,2415.72,
14,566.00,1662.61,
6,63.00,1245.98,
12,761.00,1828.17,
5,120.00,1727.74,
10,16.00,888.40,
7,248.00,1113.56,
4,890.00,476.83,
7,622.00,1194.22,
3,923.00,1970.43,
6,775.00,2017.53,
8,50.00,927.05,
11,1052.00,605.34,
1,264.00,322.00,
12,642.00,1615.07,
3,424.00,2165.02,
1,765.00,1960.15,
6,87.00,133.24,
5,785.00,150.66,
14,257.00,1814.05,
8,557.00,2149.09,
13,245.00,2354.78,
12,415.00,207.73,
14,436.00,2325.48,
2,898.00,1142.71,
6,267.00,575.33,
11,824.00,1183.56,
12,871.00,441.38,
7,427.00,538.91,
1,544.00,711.82,
2,537.00,1086.81,
6,1193.00,1490.92,
8,1153.00,1552.20,
9,65.00,1102.55,
2,42.00,748.70,
14,557.00,19.78,
1,144.00,1298.18,
1,944.00,810.58,
12,384.00,2487.62,
11,950.00,40.46,
8,1165.00,502.38,
2,421.00,1571.09,
8,125.00,1855.04,
13,672.00,578.19,
12,930.00,907.55,
8,202.00,584.98,
5,33.00,1871.20,
12,740.00,1966.62,
4,1011.00,2258.35,
3,84.00,411.52,
11,1154.00,2311.52,
13,870.00,567.78,
10,1112.00,1248.29,
9,986.00,2337.84,
4,453.00,652.08,
7,969.00,144.84,
4,278.00,393.12,
11,466.00,1401.87,
10,622.00,2075.87,
8,100.00,547.47,
11,489.00,528.70,
14,74.00,2497.72,
3,530.00,133.81,
4,395.00,850.57,
5,744.00,193.86,
11,950.00,773.92,
3,846.00,1962.48,
10,1149.00,1162.81,
3,980.00,585.77,
14,492.00,259.31,
12,152.00,788.12,
12,106.00,1092.70,
13,534.00,1888.46,
1,872.00,532.93,
12,622.00,1525.66,
3,766.00,1058.34,
7,5.00,2475.44,
10,77.00,8.86,
14,343.00,1026.04,
3,971.00,2385.43,
14,588.00,1211.44,
13,273.00,1989.94,
2,1128.00,310.69,
7,329.00,1973.88,
9,947.00,6.74,
14,337.00,1956.54,
13,590.00,687.70,
6,429.00,1920.31,
5,707.00,2471.93,
10,107.00,114.74,
1,143.00,1474.34,
11,518.00,164.00,
7,494.00,427.23,
6,246.00,1211.01,
6,542.00,1061.17,
14,566.00,978.56,
4,254.00,2214.11,
9,592.00,897.79,
6,157.00,1553.69,
13,175.00,797.50,
1,780.00,1712.61,
14,211.00,891.32,
12,955.00,1054.60,
14,343.00,319.16,
13,450.00,1706.39,
11,71.00,2116.44,
10,604.00,1997.87,
2,657.00,2042.77,
13,451.00,113.93,
2,853.00,1464.25,
13,800.00,1712.91,
10,551.00,1609.79,
10,420.00,158.88,
5,430.00,1950.36,
2,1164.00,2467.35,
7,1115.00,1110.17,
11,209.00,1321.33,
7,980.00,852.42,
13,107.00,1839.97,
1,880.00,1603.52,
3,960.00,1339.47,
6,344.00,2365.96,
10,849.00,1918.72,
1,795.00,924.08,
9,227.00,1272.62,
4,980.00,352.59,
11,613.00,2061.07,
13,463.00,1361.38,
4,172.00,254.95,
11,41.00,1612.76,
14,634.00,2321.69,
10,1104.00,2370.31,
6,62.00,1507.79,
8,39.00,1145.52,
4,704.00,213.27,
4,724.00,766.72,
9,1012.00,2164.32,
13,521.00,318.22,
6,691.00,1623.42,
5,884.00,639.47,
5,243.00,597.23,
6,104.00,1527.88,
8,407.00,2182.51,
5,26.00,1535.47,
14,124.00,1654.45,
9,1135.00,115.64,
1,549.00,12.30,
10,69.00,621.07,
6,722.00,1978.43,
13,1186.00,898.17,
7,821.00,1018.11,
11,358.00,1201.55,
10,1201.00,1812.61,
3,129.00,1646.72,
7,586.00,1098.41,
9,682.00,1370.63,
4,1193.00,1609.30,
1,1158.00,1145.75,
8,111.00,2488.38,
4,419.00,1358.59,
7,417.00,2360.14,
12,474.00,370.81,
10,1056.00,676.75,
13,88.00,1001.53,
9,885.00,299.46,
2,770.00,686.09,
2,980.00,48.16,
7,817.00,1340.08,
3,86.00,1326.81,
3,1079.00,2389.38,
2,895.00,611.68,
1,1014.00,884.87,
2,702.00,2383.28,
4,1105.00,1375.58,
11,609.00,203.98,
2,445.00,1521.54,
11,642.00,2232.36,
6,281.00,456.98,
13,879.00,2239.02,
4,933.00,558.71,
4,684.00,303.82,
12,154.00,1476.25,
8,826.00,164.44,
7,597.00,1839.85,
13,843.00,2037.91,
9,840.00,145.94,
13,552.00,2398.65,
14,1198.00,831.63,
11,760.00,1427.37,
8,85.00,510.92,
2,264.00,416.69,
7,571.00,322.67,
7,412.00,1247.38,
13,214.00,1444.71,
1,959.00,381.43,
11,667.00,1765.70,
12,675.00,2082.81,
6,381.00,895.76,
11,276.00,2060.94,
5,67.00,783.62,
2,127.00,774.91,
5,743.00,1555.60,
10,238.00,45.92,
1,58.00,153.85,
3,232.00,1298.16,
7,783.00,1507.57,
13,727.00,861.11,
11,240.00,2355.56,
13,814.00,2000.42,
5,737.00,1814.67,
11,1129.00,958.32,
4,1043.00,2437.02,
1,930.00,1750.75,
9,1195.00,364.24,
5,731.00,2468.74,
1,1065.00,708.81,
5,152.00,1985.64,
3,1068.00,1624.48,
14,254.00,2426.36,
12,832.00,364.41,
9,649.00,2178.65,
2,847.00,924.45,
12,1200.00,562.52,
9,409.00,1230.53,
4,783.00,1017.02,
6,498.00,999.59,
4,68.00,1150.29,
11,1088.00,2491.15,
5,411.00,773.62,
13,181.00,1351.54,
13,1166.00,1806.59,
3,855.00,224.07,
14,411.00,1424.28,
1,42.00,149.98,
11,1117.00,2158.19,
4,96.00,1357.46,
12,375.00,2185.37,
12,340.00,1483.16,
1,427.00,1068.90,
14,238.00,1722.18,
11,1164.00,1962.15,
6,395.00,1713.24,
6,290.00,2461.98,
2,585.00,444.23,
3,692.00,1954.21,
12,906.00,835.91,
6,392.00,1410.45,
7,62.00,1204.71,
10,912.00,2478.01,
4,271.00,899.59,
12,868.00,1017.21,
9,660.00,1096.46,
10,1134.00,12.67,
2,79.00,147.44,
14,405.00,1958.47,
2,426.00,209.01,
1,429.00,17.56,
13,830.00,319.21,
9,416.00,450.16,
10,812.00,1786.77,
6,873.00,1221.41,
2,914.00,2488.40,
11,919.00,1926.12,
4,1025.00,1247.58,
8,97.00,1472.96,
8,321.00,2405.56,
11,54.00,793.23,
11,68.00,499.96,
14,13.00,1887.77,
2,154.00,1343.51,
11,522.00,1030.15,
5,232.00,1139.25,
4,947.00,1001.22,
9,625.00,1309.51,
4,1160.00,2420.51,
13,950.00,613.14,
7,125.00,422.62,
2,830.00,1666.99,
5,868.00,862.23,
14,263.00,1746.88,
1,879.00,803.12,
2,926.00,181.69,
2,1078.00,865.96,
12,633.00,76.33,
2,284.00,2279.52,
2,1092.00,711.69,
9,570.00,1571.82,
6,595.00,1116.69,
14,615.00,1009.58,
4,1050.00,244.09,
13,481.00,1411.07,
6,323.00,333.26,
11,1003.00,1548.92,
14,632.00,1336.17,
3,1126.00,2222.63,
4,430.00,936.69,
8,324.00,1206.34,
9,448.00,129.88,
14,1184.00,843.51,
10,1143.00,292.21,
3,286.00,835.32,
11,312.00,2013.26,
6,861.00,93.81,
10,394.00,229.73,
3,449.00,314.32,
5,1090.00,44.31,
4,201.00,74.58,
7,1099.00,1875.44,
14,563.00,2222.82,
14,257.00,1005.14,
14,297.00,786.75,
8,1053.00,248.06,
2,469.00,488.31,
8,680.00,999.14,
14,39.00,1904.51,
9,901.00,206.01,
2,280.00,439.82,
6,453.00,1632.96,
7,346.00,1911.23,
5,145.00,170.66,
3,513.00,1300.19,
4,550.00,440.89,
6,805.00,202.75,
5,615.00,802.83,
11,1167.00,955.37,
7,571.00,431.99,
1,458.00,535.28,
2,186.00,1537.68,
12,1132.00,2199.08,
4,408.00,2305.39,
14,418.00,1511.34,
14,652.00,2246.42,
3,39.00,2202.27,
5,595.00,1518.66,
14,674.00,2284.81,
1,525.00,1672.62,
11,278.00,252.43,
8,687.00,412.11,
7,667.00,1930.09,
8,741.00,694.40,
9,430.00,2168.05,
5,910.00,363.27,
14,837.00,700.84,
10,1021.00,1070.91,
7,547.00,1617.82,
1,653.00,981.41,
13,659.00,2175.58,
9,927.00,1234.22,
9,973.00,551.00,
10,655.00,2001.64,
6,773.00,849.63,
13,301.00,195.03,
13,531.00,1399.79,
13,164.00,851.98,
2,911.00,971.30,
2,1029.00,2077.34,
8,860.00,2127.97,
4,334.00,1752.36,
4,156.00,421.95,
5,226.00,2206.13,
4,1050.00,171.71,
6,904.00,82.40,
1,154.00,227.51,
5,704.00,1273.02,
13,581.00,2176.69,
12,914.00,851.86,
9,1007.00,296.97,
10,487.00,851.45,
5,1112.00,1756.41,
7,988.00,1753.28,
7,653.00,1145.80,
7,20.00,974.11,
2,620.00,1863.77,
4,235.00,525.93,
7,944.00,2424.38,
10,716.00,1323.38,
8,603.00,590.86,
6,828.00,1717.66,
2,93.00,1981.68,
12,360.00,1970.27,
13,1081.00,846.42,
10,322.00,1710.07,
6,183.00,468.23,
12,297.00,82.78,
8,217.00,2391.30,
13,767.00,2424.05,
4,508.00,1899.90,
5,658.00,721.62,
7,129.00,1726.49,
2,700.00,1136.79,
7,1088.00,190.43,
12,985.00,2274.41,
8,351.00,1807.41,
8,995.00,1859.14,
8,388.00,1817.16,
10,566.00,48.55,
14,993.00,856.95,
4,678.00,1109.46,
12,66.00,1980.38,
12,387.00,343.46,
9,143.00,2108.64,
7,41.00,845.85,
12,180.00,520.18,
7,14.00,1969.61,
11,186.00,1766.08,
3,800.00,1838.58,
8,280.00,1447.40,
6,1110.00,1253.26,
10,1027.00,110.93,
9,58.00,537.51,
3,848.00,619.88,
8,851.00,2030.94,
8,773.00,2396.89,
7,679.00,1363.40,
1,739.00,1699.97,
14,656.00,34.75,
1,548.00,2421.57,
10,9.00,348.00,
11,1198.00,891.25,
2,52.00,1259.02,
10,991.00,1450.00,
2,629.00,795.29,
6,456.00,1692.30,
1,737.00,453.73,
13,373.00,878.05,
3,238.00,1110.66,
1,11.00,1143.22,
3,135.00,77.72,
12,356.00,2364.96,
5,1181.00,1846.46,
3,539.00,388.71,
7,792.00,512.82,
12,1060.00,1577.67,
7,1050.00,2185.30,
6,1177.00,415.86,
12,864.00,2107.39,
8,279.00,1429.42,
9,235.00,2395.25,
7,647.00,1186.03,
3,627.00,1769.96,
11,1165.00,1542.42,
10,402.00,592.51,
4,566.00,121.92,
13,892.00,1333.73,
7,346.00,1828.97,
8,455.00,1500.02,
9,869.00,1112.59,
14,1186.00,1512.27,
8,202.00,2086.34,
13,202.00,1075.02,
10,405.00,2217.07,
2,538.00,2229.03,
9,1067.00,133.18,
9,1083.00,380.44,
7,303.00,933.17,
6,499.00,1877.37,
2,665.00,1706.44,
14,998.00,2102.29,
8,293.00,2087.16,
5,381.00,2137.11,
9,538.00,1750.31,
4,1112.00,2497.51,
6,984.00,574.99,
11,1077.00,2378.56,
10,686.00,196.09,
2,544.00,2164.18,
3,311.00,2256.82,
6,499.00,1989.47,
9,1201.00,1557.51,
5,134.00,394.74,
13,294.00,602.17,
4,135.00,1603.32,
14,1164.00,2149.80,
8,849.00,1872.81,
8,928.00,53.94,
9,987.00,1533.30,
11,433.00,2037.92,
12,188.00,2239.08,
9,1120.00,826.45,
11,326.00,286.77,
10,400.00,256.32,
11,540.00,1506.33,
1,483.00,291.38,
13,1021.00,2452.04,
13,772.00,1951.77,
12,1125.00,2222.83,
5,955.00,2127.63,
14,492.00,794.74,
3,910.00,2083.00,
2,833.00,2142.84,
12,709.00,2305.08,
1,24.00,463.85,
4,1200.00,2176.09,
8,1010.00,299.06,
1,336.00,1541.70,
13,707.00,2222.27,
14,1096.00,118.99,
6,831.00,619.13,
3,1176.00,2084.70,
4,1154.00,2275.89,
13,47.00,1196.67,
4,312.00,2398.66,
9,295.00,1660.48,
14,581.00,600.11,
6,972.00,1498.28,
7,587.00,139.31,
12,1186.00,96.52,
4,851.00,721.05,
6,840.00,518.05,
4,594.00,113.89,
6,70.00,520.73,
2,47.00,951.75,
9,679.00,1062.15,
5,14.00,502.65,
4,504.00,1880.11,
6,296.00,553.76,
3,1043.00,1848.13,
8,1002.00,1616.72,
11,764.00,1585.96,
8,295.00,2442.96,
12,812.00,1825.43,
2,870.00,2034.98,
2,451.00,1753.52,
10,485.00,1616.06,
14,530.00,2223.31,
1,107.00,1532.55,
1,632.00,403.43,
9,928.00,293.47,
8,1069.00,831.69,
10,437.00,2383.07,
6,1137.00,1302.66,
7,1117.00,1814.55,
2,657.00,469.54,
2,341.00,478.55,
10,789.00,1952.74,
2,464.00,1006.05,
6,1000.00,2368.67,
9,596.00,144.55,
13,814.00,2457.81,
14,434.00,228.10,
4,1153.00,1692.94,
7,1056.00,426.84,
14,461.00,117.28,
2,1092.00,995.93,
13,767.00,555.33,
12,1124.00,2112.82,
5,1130.00,568.04,
8,1198.00,1484.45,
4,367.00,2128.56,
5,1118.00,831.32,
13,249.00,1063.87,
5,625.00,1954.84,
14,725.00,2254.83,
6,640.00,1754.75,
9,176.00,2100.18,
5,42.00,1217.91,
13,1043.00,1466.65,
2,824.00,849.27,
7,269.00,277.63,
6,510.00,1372.37,
3,927.00,918.74,
10,114.00,1460.36,
10,171.00,533.15,
10,247.00,871.31,
13,625.00,416.64,
12,192.00,2443.79,
10,269.00,1557.62,
7,1078.00,989.54,
9,611.00,743.43,
2,795.00,1373.51,
5,381.00,2014.98,
5,128.00,193.20,
12,79.00,1444.85,
9,129.00,1631.16,
12,1095.00,2298.23,
12,963.00,1876.39,
1,416.00,663.07,
1,1131.00,85.33,
11,237.00,1275.07,
12,947.00,2096.19,
3,35.00,1208.46,
12,796.00,1948.97,
6,547.00,87.89,
8,1100.00,172.78,
3,275.00,1882.82,
3,670.00,462.31,
11,1176.00,1549.88,
1,832.00,2390.95,
1,16.00,1569.00,
13,488.00,1402.64,
9,899.00,1356.99,
2,930.00,1556.30,
9,694.00,102.00,
1,590.00,748.81,
2,929.00,2396.03,
9,243.00,2126.53,
12,919.00,2272.84,
8,211.00,2200.83,
5,735.00,1918.76,
4,1179.00,2057.74,
13,490.00,61.28,
14,364.00,1980.97,
10,505.00,2398.70,
14,150.00,900.94,
12,655.00,1757.86,
1,241.00,422.79,
5,902.00,2409.60,
8,679.00,742.12,
10,618.00,2295.45,
2,691.00,71.84,
4,407.00,402.68,
9,1185.00,1939.61,
11,739.00,1686.62,
13,719.00,446.77,
12,323.00,43.84,
6,172.00,2101.20,
13,698.00,2247.89,
12,359.00,2229.78,
8,1037.00,505.26,
12,363.00,1158.43,
7,455.00,2341.67,
2,1011.00,890.16,
13,678.00,882.91,
4,870.00,2086.18,
8,642.00,1004.89,
12,641.00,131.36,
2,292.00,1609.12,
6,684.00,59.68,
13,191.00,1494.22,
14,1053.00,939.88,
9,1024.00,696.22,
14,617.00,1339.70,
14,1053.00,1344.13,
12,1063.00,2324.25,
10,489.00,1085.57,
7,563.00,1550.47,
2,1030.00,435.93,
2,1175.00,584.82,
2,958.00,1599.41,
7,343.00,133.26,
3,625.00,1871.01,
10,176.00,1066.84,
8,1163.00,1722.35,
4,313.00,871.32,
12,1064.00,815.80,
6,435.00,2462.44,
10,396.00,2113.73,
12,484.00,1189.75,
6,247.00,1467.93,
6,941.00,2050.88,
2,60.00,633.49,
1,255.00,1056.02,
2,1008.00,52.08,
5,35.00,2240.91,
10,56.00,462.81,
7,1114.00,2043.96,
8,728.00,1491.99,
10,1169.00,1403.11,
6,434.00,1871.40,
13,919.00,31.55,
9,732.00,416.87,
3,213.00,151.62,
3,841.00,587.22,
8,756.00,2162.73,
3,1116.00,1492.29,
4,997.00,2194.66,
1,530.00,923.75,
2,784.00,655.16,
1,1127.00,1571.35,
2,316.00,1556.33,
5,506.00,1684.44,
11,364.00,496.68,
2,650.00,700.98,
7,570.00,1162.48,
7,917.00,726.07,
13,963.00,914.26,
4,707.00,503.70,
4,24.00,2187.71,
6,57.00,77.50,
1,688.00,647.83,
12,1060.00,769.67,
13,174.00,903.45,
12,515.00,1545.08,
7,81.00,1692.93,
8,624.00,2212.89,
8,289.00,1654.44,
6,1040.00,1928.26,
12,1036.00,2204.49,
4,1128.00,687.59,
10,890.00,1474.45,
2,1125.00,2269.73,
8,530.00,2057.78,
3,884.00,632.99,
7,68.00,1565.70,
6,716.00,2294.54,
2,234.00,59.32,
11,974.00,1898.28,
14,361.00,1951.23,
10,311.00,749.62,
2,773.00,2087.12,
9,605.00,379.27,
6,662.00,1896.65,
1,175.00,2235.97,
10,565.00,960.52,
2,947.00,2230.96,
9,30.00,1612.94,
2,1062.00,231.98,
5,1127.00,1879.24,
12,891.00,756.03,
11,281.00,2287.74,
3,69.00,939.88,
14,103.00,540.64,
14,520.00,1428.94,
3,765.00,7.49,
13,128.00,1585.58,
9,966.00,1446.37,
4,1195.00,376.18,
6,196.00,1196.34,
12,929.00,1120.92,
13,437.00,952.57,
3,1021.00,447.96,
7,779.00,2356.19,
7,919.00,408.98,
2,227.00,1320.82,
4,115.00,2311.89,
11,724.00,1899.95,
9,235.00,684.27,
1,697.00,1319.41,
14,905.00,2013.85,
7,521.00,1319.28,
3,853.00,844.10,
11,374.00,2451.68,
13,1019.00,731.21,
2,342.00,2307.08,
4,239.00,872.80,
9,1175.00,602.58,
1,833.00,950.73,
3,1153.00,39.86,
13,787.00,252.97,
4,297.00,1534.92,
1,238.00,538.95,
9,488.00,1895.64,
1,588.00,153.61,
3,788.00,2346.14,
1,349.00,2464.17,
5,904.00,1505.17,
9,703.00,1685.51,
11,740.00,1223.18,
3,557.00,2163.25,
4,558.00,1866.02,
2,233.00,440.34,
11,284.00,87.82,
6,1167.00,749.26,
12,728.00,1844.33,
7,947.00,405.38,
4,756.00,2170.90,
13,612.00,1245.22,
10,153.00,2297.49,
7,279.00,1106.64,
8,439.00,1295.79,
9,888.00,385.69,
9,237.00,1964.41,
1,572.00,73.87,
14,1163.00,1193.88,
9,126.00,1094.04,
3,745.00,650.32,
4,706.00,226.22,
2,1084.00,86.49,
11,1055.00,2115.13,
10,25.00,1091.65,
4,203.00,1724.23,
11,939.00,1520.03,
8,1144.00,2359.25,
10,78.00,968.70,
10,372.00,2310.08,
8,298.00,1966.07,
7,822.00,162.24,
9,863.00,1281.41,
5,593.00,1568.20,
11,173.00,2209.78,
12,1070.00,681.46,
8,179.00,2302.91,
14,874.00,1244.62,
2,916.00,1738.89,
5,1101.00,1221.90,
6,497.00,585.30,
12,45.00,539.58,
5,827.00,2487.13,
14,175.00,1756.74,
1,1111.00,2250.84,
7,708.00,219.88,
9,1149.00,1407.20,
5,85.00,1708.07,
7,887.00,907.68,
4,1191.00,1548.65,
6,552.00,1376.90,
2,924.00,2255.38,
1,218.00,1817.28,
5,588.00,1208.03,
1,602.00,1666.67,
14,952.00,2296.86,
1,411.00,1726.50,
6,772.00,2488.79,
12,422.00,1187.50,
8,1148.00,710.92,
12,1129.00,1260.37,
3,110.00,2149.62,
5,82.00,1721.20,
6,628.00,1176.33,
9,392.00,1666.06,
1,1061.00,2423.58,
5,775.00,261.84,
7,290.00,804.84,
5,607.00,1683.54,
4,503.00,1355.37,
11,785.00,1888.59,
4,670.00,2138.26,
2,207.00,1641.82,
4,462.00,711.37,
1,360.00,1343.63,
11,519.00,279.44,
14,794.00,2291.21,
4,521.00,2239.90,
2,124.00,1515.36,
12,864.00,2248.11,
1,1100.00,2237.42,
12,275.00,1833.05,
14,1100.00,2090.83,
12,628.00,1463.09,
10,321.00,2162.27,
4,714.00,2295.42,
6,524.00,2051.45,
1,326.00,1530.04,
1,704.00,319.85,
10,316.00,1500.32,
11,1024.00,1516.93,
6,907.00,1864.59,
6,931.00,1050.94,
14,1182.00,1200.80,
6,619.00,1750.72,
12,601.00,1962.04,
10,1173.00,29.39,
12,462.00,288.59,
2,433.00,1348.83,
5,867.00,2006.32,
11,68.00,1894.65,
4,1033.00,1604.04,
1,269.00,1976.36,
12,74.00,2033.31,
11,747.00,866.65,
13,152.00,133.68,
11,1082.00,2489.92,
3,399.00,2017.71,
13,823.00,1984.05,
14,1162.00,1035.09,
1,584.00,1280.85,
8,503.00,24.31,
7,280.00,1714.34,
6,1121.00,2092.41,
12,740.00,1028.31,
11,445.00,1303.25,
4,438.00,825.07,
14,773.00,1515.00,
6,1028.00,1799.92,
14,428.00,1590.37,
1,1181.00,1869.37,
4,1081.00,1561.79,
12,1119.00,1926.73,
1,543.00,240.17,
3,256.00,616.93,
1,940.00,2068.47,
3,978.00,540.25,
11,1031.00,533.76,
13,56.00,731.39,
9,912.00,2442.80,
2,370.00,1001.78,
9,1035.00,191.52,
14,343.00,626.84,
2,18.00,1790.24,
13,54.00,1981.27,
11,254.00,1660.26,
7,926.00,598.97,
1,212.00,1740.87,
11,498.00,1237.86,
4,1164.00,1640.49,
6,109.00,2243.20,
11,435.00,312.22,
13,835.00,1898.95,
8,215.00,1602.22,
2,755.00,1993.85,
1,607.00,1535.02,
3,922.00,1212.76,
5,998.00,1645.09,
14,939.00,61.48,
10,594.00,567.85,
2,302.00,306.53,
3,423.00,806.96,
4,621.00,1536.89,
8,383.00,351.28,
3,529.00,2345.74,
13,742.00,740.44,
10,245.00,1282.75,
11,1131.00,1644.15,
12,736.00,1809.17,
8,905.00,2233.30,
4,673.00,2314.71,
5,771.00,2454.20,
3,502.00,2233.37,
10,906.00,1497.30,
12,731.00,718.24,
4,1156.00,1863.57,
12,836.00,2138.92,
13,1134.00,2228.38,
14,632.00,574.39,
8,874.00,2345.93,
4,605.00,1764.23,
8,469.00,2226.76,
7,890.00,2437.39,
13,207.00,560.73,
5,196.00,1046.18,
13,981.00,1216.60,
9,1014.00,1067.16,
14,645.00,590.55,
7,628.00,276.73,
12,198.00,1234.85,
14,909.00,1866.05,
3,839.00,2389.45,
10,541.00,2348.93,
11,353.00,1166.49,
13,699.00,1828.01,
7,700.00,87.49,
9,695.00,1196.76,
3,758.00,28.76,
1,526.00,1436.18,
10,398.00,1972.47,
7,119.00,489.11,
5,328.00,1407.98,
9,520.00,2225.99,
8,1172.00,1793.60,
10,909.00,2090.70,
9,613.00,1355.93,
14,556.00,126.95,
1,992.00,866.17,
11,298.00,922.98,
13,1142.00,2449.01,
8,910.00,1786.24,
8,199.00,1708.90,
14,75.00,2255.61,
6,1091.00,596.66,
12,283.00,358.33,
11,744.00,895.82,
8,769.00,568.03,
4,629.00,1552.13,
13,746.00,64.64,
2,997.00,2080.47,
12,773.00,2134.31,
14,495.00,1899.26,
12,957.00,1238.52,
2,910.00,1923.58,
5,873.00,148.06,
14,590.00,2426.65,
9,196.00,842.01,
7,537.00,2296.27,
2,1010.00,1044.25,
7,623.00,1998.75,
3,92.00,1255.37,
9,680.00,119.21,
1,355.00,1744.84,
5,630.00,1489.40,
7,23.00,1448.35,
8,509.00,2409.19,
5,168.00,860.33,
11,339.00,1335.18,
8,692.00,2310.85,
8,898.00,955.91,
14,876.00,1918.33,
13,1064.00,763.94,
2,394.00,176.04,
2,564.00,1494.46,
1,282.00,1274.29,
1,1117.00,1466.10,
11,1176.00,1212.94,
7,259.00,547.19,
10,457.00,2348.18,
14,477.00,1350.05,
1,109.00,1504.66,
1,560.00,1948.14,
11,1033.00,2391.86,
9,1085.00,2361.25,
9,946.00,711.94,
12,238.00,1198.09,
4,340.00,44.69,
3,656.00,571.20,
6,759.00,628.18,
5,447.00,2267.71,
9,281.00,1413.38,
7,344.00,1678.65,
4,1119.00,1750.32,
5,521.00,2153.27,
4,899.00,1070.34,
8,537.00,2062.29,
6,488.00,14.46,
6,540.00,2155.60,
6,1034.00,1975.28,
12,841.00,1694.26,
10,931.00,1463.01,
11,745.00,1983.21,
3,715.00,1856.01,
8,296.00,593.40,
4,458.00,745.55,
9,1166.00,720.24,
1,718.00,747.70,
2,1134.00,1139.41,
3,871.00,1423.35,
8,619.00,2456.36,
6,646.00,247.17,
14,888.00,797.37,
14,661.00,1463.71,
7,24.00,811.80,
8,833.00,2044.49,
2,775.00,685.22,
13,240.00,480.58,
5,1010.00,1477.58,
1,542.00,2167.76,
10,845.00,2079.96,
6,1137.00,1824.34,
8,596.00,2259.68,
13,105.00,502.77,
3,1164.00,1413.78,
13,268.00,345.13,
5,581.00,975.86,
9,540.00,1230.51,
10,790.00,408.39,
13,11.00,2353.86,
9,82.00,2208.82,
5,1139.00,297.70,
5,497.00,497.57,
9,1120.00,585.82,
9,661.00,14.05,
13,1056.00,831.26,
2,341.00,1414.37,
2,181.00,1607.58,
8,1137.00,764.11,
5,96.00,2181.98,
8,366.00,201.80,
1,370.00,1513.71,
3,711.00,1995.44,
8,577.00,249.11,
2,733.00,293.92,
3,427.00,579.29,
2,460.00,34.55,
3,199.00,1861.86,
13,512.00,2313.72,
2,997.00,91.40,
10,338.00,2138.54,
13,1126.00,557.21,
13,468.00,1045.37,
3,1008.00,2501.91,
12,1181.00,796.06,
14,583.00,1308.61,
8,445.00,228.42,
2,600.00,1940.33,
11,1138.00,1401.24,
9,195.00,1326.68,
14,730.00,866.74,
2,266.00,2119.23,
13,409.00,820.12,
11,385.00,1654.53,
3,125.00,2120.20,
3,818.00,955.80,
2,1197.00,701.61,
10,169.00,2478.28,
5,740.00,1458.18,
2,916.00,2374.36,
8,1148.00,180.89,
11,486.00,2420.19,
5,163.00,596.58,
2,233.00,1070.02,
9,526.00,462.04,
4,919.00,2456.25,
8,818.00,241.97,
2,655.00,1246.21,
4,1145.00,299.26,
5,994.00,181.33,
2,571.00,2199.38,
3,329.00,888.12,
7,159.00,682.06,
2,365.00,11.28,
6,872.00,1038.08,
12,354.00,378.99,
10,314.00,159.92,
11,960.00,1816.98,
3,1166.00,356.59,
12,981.00,1183.20,
10,34.00,1008.94,
11,228.00,2325.31,
13,415.00,1988.38,
1,1190.00,2159.46,
12,77.00,449.98,
12,501.00,1765.78,
6,1063.00,1148.02,
6,970.00,2333.05,
1,895.00,523.06,
12,356.00,511.04,
4,447.00,811.08,
13,847.00,766.51,
1,1102.00,122.35,
6,784.00,852.13,
7,1119.00,811.17,
7,33.00,2458.22,
10,1044.00,1810.59,
8,802.00,432.73,
8,854.00,185.36,
7,633.00,2018.86,
3,791.00,2476.14,
14,1177.00,2310.37,
7,1106.00,1481.50,
3,622.00,2115.90,
12,338.00,2293.36,
7,700.00,1300.59,
2,769.00,492.02,
11,88.00,2415.55,
14,151.00,161.05,
10,778.00,2495.38,
1,300.00,1067.37,
1,287.00,162.22,
11,226.00,74.57,
3,62.00,1653.23,
13,217.00,1222.84,
7,1093.00,2452.47,
5,751.00,399.59,
6,189.00,1400.22,
14,1096.00,132.24,
12,119.00,214.08,
1,781.00,1879.26,
5,617.00,2140.76,
12,813.00,694.43,
10,235.00,1807.21,
12,1126.00,2463.80,
12,53.00,13.70,
4,837.00,1575.64,
5,372.00,429.81,
9,1113.00,2392.78,
13,522.00,204.81,
8,1117.00,397.95,
4,374.00,838.28,
12,955.00,1180.66,
8,204.00,1021.68,
2,209.00,1827.38,
11,1159.00,2131.64,
7,576.00,1446.71,
1,466.00,1974.74,
9,930.00,1561.39,
11,1018.00,730.26,
11,721.00,811.76,
14,967.00,1907.51,
6,652.00,1549.86,
13,529.00,208.67,
3,931.00,2093.23,
5,1083.00,788.17,
11,171.00,1303.78,
13,695.00,162.60,
13,457.00,1104.08,
7,517.00,741.22,
4,842.00,1620.59,
7,679.00,1233.56,
13,746.00,1143.14,
14,237.00,1810.22,
13,1183.00,1395.35,
14,1017.00,1297.94,
5,62.00,634.56,
3,930.00,1245.04,
7,892.00,1017.52,
6,443.00,1244.16,
9,107.00,26.33,
2,874.00,546.66,
1,77.00,2097.69,
11,1033.00,1492.46,
3,169.00,1950.58,
1,1011.00,1729.37,
10,928.00,2376.17,
3,665.00,612.06,
4,762.00,1609.62,
8,503.00,2334.48,
5,956.00,1737.78,
1,697.00,324.83,
5,120.00,830.66,
11,505.00,2013.07,
6,652.00,2401.90,
1,57.00,1034.18,
1,232.00,1351.84,
13,755.00,1967.37,
8,848.00,2065.91,
7,684.00,1615.50,
14,985.00,820.09,
4,992.00,855.62,
1,705.00,415.99,
12,817.00,1475.33,
8,513.00,1018.07,
11,936.00,123.81,
13,1114.00,1191.58,
8,151.00,1158.94,
10,896.00,2348.49,
3,313.00,1106.62,
8,694.00,2472.77,
5,903.00,1617.63,
6,1171.00,1620.46,
6,914.00,2132.81,
12,203.00,140.20,
10,812.00,828.40,
3,197.00,1450.76,
14,1053.00,694.32,
10,1029.00,1812.81,
7,512.00,996.83,
13,159.00,1274.39,
10,1037.00,505.68,
9,871.00,973.30,
5,283.00,584.97,
4,81.00,748.32,
7,679.00,571.08,
1,1098.00,2232.36,
9,924.00,2448.86,
8,890.00,141.74,
14,391.00,1807.07,
10,1139.00,287.14,
2,621.00,1829.01,
13,41.00,987.53,
11,452.00,951.44,
6,100.00,1358.49,
2,670.00,977.28,
13,656.00,1677.70,
12,1091.00,2127.14,
6,436.00,863.08,
10,276.00,263.81,
6,1184.00,193.66,
2,1078.00,1250.94,
14,1091.00,1797.86,
1,519.00,838.23,
6,1065.00,2354.31,
11,706.00,655.72,
11,1127.00,1530.67,
5,103.00,2125.48,
13,825.00,1345.43,
2,891.00,456.50,
6,296.00,2441.08,
2,538.00,1730.53,
10,518.00,566.56,
13,52.00,988.08,
2,22.00,1327.87,
3,622.00,718.72,
9,312.00,2461.64,
1,332.00,2091.06,
12,593.00,2367.49,
7,514.00,1263.73,
14,330.00,938.05,
11,459.00,1252.75,
4,219.00,2379.92,
9,27.00,1929.56,
3,160.00,2310.14,
14,1202.00,1377.25,
3,875.00,2274.34,
10,562.00,944.86,
11,654.00,300.54,
2,12.00,1667.50,
13,551.00,2115.76,
10,173.00,2363.17,
4,588.00,1730.87,
7,266.00,214.05,
3,622.00,1251.44,
14,351.00,2382.64,
5,604.00,1423.42,
6,1058.00,1860.50,
11,1195.00,1852.81,
9,359.00,307.32,
6,172.00,1582.96,
12,466.00,2075.78,
6,479.00,2319.91,
14,172.00,282.40,
8,1159.00,1621.54,
9,59.00,284.74,
8,342.00,2245.83,
4,959.00,1561.03,
2,1144.00,1786.74,
10,1026.00,308.28,
7,415.00,115.72,
4,569.00,849.62,
11,535.00,1312.88,
1,104.00,1130.15,
9,310.00,2118.19,
13,160.00,1299.49,
4,374.00,2467.50,
6,694.00,1938.45,
10,15.00,951.42,
12,1146.00,2373.49,
11,104.00,2416.57,
4,770.00,2211.62,
14,362.00,1122.69,
2,320.00,125.91,
2,232.00,1675.71,
9,869.00,266.51,
6,711.00,1710.43,
8,864.00,1412.68,
4,66.00,448.88,
3,6.00,2403.76,
1,1013.00,1274.31,
8,1097.00,775.10,
12,831.00,1746.32,
6,1105.00,558.69,
12,750.00,1944.18,
9,998.00,1829.57,
9,355.00,712.25,
8,381.00,1914.75,
14,618.00,1473.06,
9,810.00,824.65,
5,460.00,2071.96,
5,781.00,890.68,
5,885.00,600.99,
12,1150.00,2275.86,
1,920.00,2321.29,
8,984.00,505.26,
13,70.00,949.45,
14,239.00,1329.69,
3,1190.00,1007.56,
2,946.00,469.49,
10,582.00,858.93,
9,1036.00,1679.54,
8,303.00,610.49,
5,796.00,878.39,
11,18.00,1547.38,
13,1184.00,313.41,
7,21.00,1933.68,
11,291.00,157.56,
3,630.00,495.89,
13,84.00,1997.66,
12,246.00,2264.56,
14,303.00,695.56,
9,477.00,786.06,
13,894.00,2201.94,
8,267.00,1783.99,
14,296.00,2050.11,
1,832.00,475.68,
7,150.00,1803.93,
6,131.00,594.41,
8,188.00,909.43,
10,422.00,956.87,
12,129.00,332.85,
12,174.00,71.96,
4,947.00,1006.93,
6,275.00,257.47,
13,413.00,1698.28,
3,309.00,1581.24,
2,177.00,2338.93,
11,811.00,1265.63,
2,262.00,2023.89,
3,1070.00,1756.38,
7,929.00,748.63,
3,194.00,1740.75,
11,724.00,608.53,
14,1098.00,242.95,
1,1042.00,1842.30,
7,354.00,1698.06,
10,465.00,174.57,
1,644.00,637.03,
14,113.00,304.33,
5,155.00,182.33,
13,1148.00,1834.38,
5,1127.00,1307.78,
1,855.00,1113.26,
14,297.00,684.62,
3,259.00,43.27,
14,488.00,155.66,
3,280.00,2326.02,
5,354.00,1122.34,
12,490.00,562.68,
14,1132.00,1090.29,
3,779.00,956.33,
1,866.00,1399.94,
6,241.00,1648.61,
10,971.00,2048.05,
12,950.00,849.70,
6,1166.00,833.38,
14,22.00,1367.34,
6,72.00,1140.85,
13,488.00,2502.71,
10,1151.00,853.43,
9,1133.00,552.84,
10,219.00,1764.66,
8,569.00,1509.39,
9,225.00,49.86,
5,954.00,1187.97,
1,533.00,1914.76,
7,869.00,263.06,
13,940.00,2466.91,
11,1071.00,931.13,
12,661.00,1842.59,
13,237.00,716.40,
6,559.00,1764.27,
6,354.00,528.22,
9,406.00,256.94,
13,475.00,1890.05,
14,269.00,704.50,
14,28.00,1200.31,
2,291.00,475.31,
2,755.00,1208.75,
14,383.00,1185.58,
4,947.00,482.99,
9,387.00,1845.60,
5,1053.00,1371.16,
13,636.00,1292.86,
2,69.00,158.81,
14,1061.00,247.98,
14,1092.00,2017.53,
13,813.00,1482.70,
3,1080.00,401.39,
10,350.00,910.83,
10,120.00,1702.63,
13,491.00,1644.20,
13,182.00,2474.00,
12,950.00,1476.36,
12,241.00,915.63,
9,532.00,1068.90,
3,890.00,143.37,
10,395.00,1084.65,
3,1141.00,709.25,
12,51.00,209.09,
10,1023.00,565.71,
1,173.00,115.49,
12,969.00,912.74,
2,885.00,446.13,
1,1058.00,551.28,
8,360.00,2417.90,
2,229.00,2144.46,
11,1135.00,1050.90,
10,758.00,576.72,
12,870.00,1242.91,
14,526.00,1762.91,
9,482.00,66.46,
14,774.00,1236.22,
5,558.00,1906.87,
13,1118.00,913.89,
9,179.00,47.43,
5,23.00,593.68,
11,120.00,1904.58,
8,764.00,2262.67,
9,427.00,1805.55,
6,21.00,439.68,
11,556.00,2234.42,
13,1166.00,1080.18,
1,84.00,1685.76,
8,1120.00,73.03,
8,210.00,295.93,
12,400.00,1310.11,
14,481.00,2245.19,
10,469.00,1622.57,
12,1085.00,1580.20,
10,523.00,2251.35,
3,790.00,1932.96,
2,280.00,589.78,
1,76.00,1779.23,
6,682.00,1901.86,
14,950.00,1872.32,
11,701.00,1056.91,
7,937.00,2205.91,
6,80.00,626.58,
10,338.00,1743.66,
4,174.00,2340.75,
11,1173.00,2196.14,
2,264.00,1974.56,
1,738.00,1401.91,
11,326.00,2245.47,
14,1100.00,733.49,
4,510.00,486.22,
11,678.00,1328.90,
13,1041.00,342.12,
3,674.00,2482.12,
7,844.00,1290.35,
3,537.00,1202.88,
5,890.00,699.84,
4,316.00,1981.57,
14,762.00,1656.48,
8,421.00,38.51,
13,205.00,322.76,
14,676.00,1951.47,
6,706.00,2158.94,
3,390.00,508.09,
10,342.00,1192.02,
7,429.00,1224.56,
3,889.00,2252.66,
8,839.00,1374.73,
11,1001.00,2349.18,
1,1086.00,1523.47,
2,316.00,857.90,
12,710.00,929.78,
9,5.00,2142.47,
10,428.00,2146.49,
3,1179.00,412.37,
4,229.00,2390.01,
11,343.00,519.02,
8,175.00,1202.83,
2,360.00,1743.98,
4,494.00,1767.78,
10,1062.00,1884.70,
11,238.00,1462.00,
4,478.00,753.35,
5,609.00,2232.53,
5,506.00,1760.51,
6,394.00,837.40,
2,467.00,2205.58,
11,1021.00,2314.20,
11,551.00,1803.43,
5,593.00,1687.02,
10,865.00,886.38,
8,427.00,1422.29,
13,768.00,1582.64,
10,455.00,1507.87,
11,903.00,1814.10,
13,532.00,2124.65,
13,681.00,231.51,
14,1005.00,433.32,
9,322.00,1381.58,
10,15.00,932.33,
5,1047.00,1893.69,
13,190.00,2384.65,
14,558.00,2328.59,
11,310.00,1045.05,
13,750.00,848.45,
7,1090.00,1318.86,
4,204.00,468.73,
13,450.00,758.00,
2,1012.00,294.55,
5,811.00,1504.54,
14,1058.00,633.52,
4,1112.00,2109.23,
1,697.00,2019.71,
2,167.00,773.02,
1,843.00,1385.13,
11,994.00,526.10,
1,997.00,2411.48,
13,411.00,684.04,
11,827.00,2087.47,
7,1193.00,2220.19,
7,243.00,903.95,
7,1021.00,1716.61,
3,28.00,768.96,
5,366.00,2081.51,
12,109.00,549.86,
6,318.00,1552.66,
11,851.00,180.43,
6,99.00,879.93,
11,295.00,1933.93,
14,278.00,903.28,
12,289.00,716.09,
6,210.00,187.03,
3,566.00,2047.20,
4,420.00,1354.92,
4,370.00,1569.00,
7,811.00,2059.44,
5,1125.00,2376.67,
5,917.00,866.83,
6,815.00,2088.38,
11,586.00,1235.33,
8,432.00,1219.51,
5,279.00,1605.64,
4,83.00,1706.50,
8,972.00,478.56,
5,487.00,1141.21,
12,988.00,1222.44,
4,42.00,879.19,
3,973.00,623.30,
8,1179.00,903.76,
3,676.00,227.20,
14,197.00,1707.13,
4,580.00,2199.14,
7,42.00,1889.73,
2,979.00,1076.09,
10,739.00,2027.81,
1,1012.00,1823.95,
13,834.00,2304.94,
11,822.00,2288.90,
3,563.00,808.72,
13,135.00,1911.42,
1,914.00,917.33,
3,315.00,666.07,
12,664.00,614.88,
13,124.00,69.79,
7,910.00,2487.83,
14,596.00,2250.94,
3,911.00,1994.97,
4,258.00,2149.86,
9,616.00,1929.68,
1,381.00,199.77,
9,657.00,2436.41,
5,721.00,699.79,
14,412.00,512.56,
13,71.00,1735.36,
10,835.00,101.55,
13,59.00,287.66,
8,855.00,2230.39,
2,960.00,648.01,
13,1065.00,69.15,
12,743.00,959.02,
1,709.00,615.38,
2,1088.00,1927.06,
2,928.00,284.26,
9,133.00,43.25,
13,756.00,566.87,
6,967.00,980.76,
9,583.00,686.58,
11,258.00,2341.49,
7,518.00,1327.97,
5,889.00,539.99,
7,1180.00,2005.65,
11,299.00,1272.58,
4,937.00,1763.74,
9,528.00,1638.06,
4,202.00,2201.42,
5,1088.00,848.78,
3,385.00,661.98,
12,301.00,1540.10,
11,880.00,1850.84,
8,313.00,101.50,
5,285.00,461.94,
5,1090.00,160.49,
11,455.00,1749.73,
12,1054.00,2367.46,
7,984.00,283.37,
13,917.00,1348.78,
12,931.00,416.59,
7,1054.00,423.28,
11,1046.00,1742.76,
5,28.00,1192.71,
13,764.00,1728.90,
12,22.00,422.67,
3,413.00,1748.03,
5,335.00,1575.87,
11,423.00,92.00,
6,1138.00,1406.40,
2,293.00,1622.13,
8,1183.00,65.92,
10,809.00,2382.96,
10,1172.00,373.88,
14,211.00,285.56,
6,864.00,1914.13,
13,971.00,1406.55,
8,421.00,1724.36,
6,1067.00,846.44,
1,1203.00,902.80,
6,40.00,908.72,
6,278.00,996.40,
4,636.00,2403.63,
2,215.00,2411.01,
13,804.00,1533.12,
7,498.00,1525.52,
2,1109.00,1005.15,
1,365.00,2144.91,
4,181.00,772.36,
13,415.00,2268.35,
6,1119.00,826.40,
4,279.00,1147.44,
3,529.00,2361.05,
14,748.00,2401.58,
14,1200.00,1708.77,
8,193.00,405.30,
6,833.00,1542.76,
11,760.00,865.82,
5,606.00,191.53,
1,406.00,246.75,
12,730.00,798.19,
3,887.00,1016.74,
3,239.00,1521.10,
9,855.00,231.02,
12,88.00,68.36,
8,650.00,2205.19,
13,87.00,1957.07,
5,178.00,1706.04,
11,595.00,2290.53,
12,508.00,1031.39,
4,270.00,1454.16,
5,537.00,637.75,
5,521.00,1645.80,
6,659.00,482.09,
7,1104.00,223.77,
14,250.00,946.02,
3,535.00,891.19,
1,865.00,850.11,
4,535.00,286.19,
13,289.00,499.85,
14,309.00,2260.06,
12,1096.00,1631.83,
5,980.00,1762.43,
10,1157.00,2109.22,
1,265.00,2049.06,
7,565.00,2087.11,
13,112.00,1083.08,
4,186.00,1085.06,
3,164.00,1760.72,
7,1081.00,1470.76,
3,100.00,1237.21,
8,706.00,1936.19,
12,140.00,1216.08,
10,1148.00,1557.24,
7,347.00,1335.57,
3,317.00,1738.42,
6,164.00,1402.54,
9,987.00,1470.73,
8,634.00,223.64,
10,353.00,192.45,
3,319.00,2394.14,
5,442.00,1580.26,
6,461.00,605.66,
8,334.00,697.95,
6,596.00,747.41,
13,714.00,313.33,
6,883.00,1185.32,
2,588.00,1969.07,
11,303.00,888.34,
12,763.00,2276.47,
7,964.00,781.41,
11,281.00,2075.03,
1,306.00,116.33,
2,243.00,228.94,
8,982.00,1279.18,
9,615.00,1475.14,
8,716.00,69.63,
10,928.00,1638.16,
9,24.00,620.56,
14,238.00,525.79,
3,604.00,366.83,
11,137.00,1728.83,
1,259.00,2306.57,
13,1020.00,1874.71,
6,516.00,284.72,
8,1185.00,675.98,
2,582.00,1883.45,
4,375.00,363.77,
14,452.00,2109.36,
1,121.00,2341.02,
6,238.00,81.46,
5,1142.00,650.85,
6,676.00,2040.89,
4,1099.00,2257.46,
2,183.00,1771.14,
11,863.00,1435.31,
4,578.00,1247.13,
4,446.00,106.70,
11,862.00,1925.31,
12,1103.00,1647.44,
1,884.00,2210.64,
7,1069.00,1180.31,
7,586.00,787.96,
13,1176.00,1565.73,
3,780.00,878.96,
9,865.00,1671.92,
14,168.00,208.35,
3,660.00,1180.95,
13,94.00,265.79,
7,1061.00,390.62,
5,513.00,2091.65,
3,1170.00,1254.66,
7,201.00,1013.75,
4,531.00,2257.04,
6,274.00,118.22,
4,256.00,669.24,
2,998.00,1585.97,
10,316.00,839.45,
8,987.00,1378.86,
14,618.00,1420.54,
9,317.00,1750.45,
3,1048.00,221.71,
9,535.00,855.30,
6,1004.00,365.88,
11,239.00,301.33,
6,507.00,1993.58,
4,139.00,827.59,
3,673.00,1430.16,
13,955.00,461.29,
2,573.00,2161.33,
8,720.00,776.95,
9,746.00,1833.92,
2,222.00,929.47,
11,465.00,62.58,
10,832.00,1806.33,
2,408.00,2337.53,
11,965.00,968.40,
6,119.00,811.38,
7,599.00,160.30,
8,1167.00,2028.72,
13,279.00,520.01,
14,974.00,235.62,
9,627.00,1639.76,
14,760.00,747.74,
2,796.00,1035.30,
1,155.00,192.65,
11,1003.00,2267.05,
14,884.00,228.32,
8,1083.00,976.86,
4,940.00,893.93,
9,82.00,1797.20,
13,871.00,50.03,
14,813.00,1619.91,
5,946.00,1688.00,
12,513.00,2457.28,
4,846.00,1906.94,
8,801.00,1484.09,
3,834.00,372.45,
14,499.00,1614.44,
3,1032.00,2185.32,
5,222.00,1642.14,
10,677.00,1287.03,
11,824.00,2454.45,
3,1166.00,2225.13,
7,1039.00,583.37,
14,316.00,1703.98,
12,472.00,1993.73,
3,13.00,1171.87,
5,870.00,2004.60,
3,386.00,1408.95,
1,786.00,753.65,
6,104.00,659.54,
13,496.00,878.87,
13,868.00,1576.00,
10,68.00,837.38,
1,23.00,917.49,
7,416.00,1819.81,
5,333.00,401.84,
8,554.00,2150.39,
14,867.00,371.83,
8,926.00,290.77,
6,203.00,2256.39,
8,258.00,2126.66,
7,309.00,1644.45,
1,1120.00,798.23,
11,632.00,2485.06,
14,360.00,580.54,
9,881.00,274.75,
1,18.00,2345.41,
11,441.00,995.04,
7,130.00,2471.00,
4,562.00,1891.26,
4,77.00,1070.99,
7,124.00,1020.10,
9,312.00,538.85,
9,1078.00,2072.06,
1,846.00,1064.95,
13,98.00,1114.77,
9,588.00,646.96,
13,1186.00,1710.39,
6,1078.00,1295.00,
11,931.00,232.50,
14,431.00,2137.56,
1,415.00,2246.81,
10,731.00,2236.49,
8,290.00,1634.53,
9,1145.00,138.84,
14,181.00,875.59,
8,556.00,2417.53,
12,156.00,864.53,
6,54.00,517.45,
9,451.00,1747.32,
2,764.00,1262.16,
2,357.00,894.77,
12,1059.00,1714.24,
10,40.00,947.04,
13,329.00,1922.34,
6,1181.00,71.73,
3,1170.00,1639.19,
4,665.00,760.69,
12,1089.00,1975.62,
3,731.00,2455.53,
14,802.00,2177.38,
4,1178.00,1391.35,
10,1149.00,682.03,
13,546.00,1074.99,
4,84.00,838.04,
6,377.00,2002.64,
5,342.00,421.26,
1,802.00,1933.95,
9,815.00,264.14,
11,916.00,147.79,
2,5.00,1392.52,
9,957.00,1308.20,
10,691.00,1545.03,
9,97.00,1841.50,
9,1010.00,153.77,
13,274.00,84.22,
11,342.00,1172.35,
14,1034.00,1402.55,
6,936.00,2362.74,
1,428.00,702.14,
3,200.00,1154.90,
6,33.00,863.79,
7,269.00,2112.91,
2,689.00,1788.55,
5,524.00,1966.85,
5,1187.00,1030.16,
3,651.00,1569.11,
1,125.00,375.94,
9,42.00,2177.21,
12,436.00,1486.42,
4,589.00,1153.62,
7,358.00,1755.72,
6,918.00,135.89,
11,831.00,1196.25,
7,812.00,1158.91,
14,119.00,568.70,
1,867.00,282.11,
14,1147.00,1732.64,
12,685.00,125.45,
10,607.00,1375.06,
5,716.00,2362.47,
1,881.00,1828.44,
10,1054.00,1638.34,
4,1174.00,788.81,
8,1097.00,796.42,
9,1101.00,2440.42,
1,652.00,14.95,
3,190.00,1490.98,
1,91.00,446.20,
11,840.00,895.11,
11,228.00,68.83,
2,913.00,648.78,
13,483.00,2073.11,
7,921.00,1175.79,
12,128.00,184.98,
7,92.00,1340.11,
4,842.00,1342.10,
13,931.00,1278.23,
11,797.00,1988.15,
2,51.00,374.71,
10,211.00,2381.05,
8,883.00,195.56,
14,861.00,2343.76,
4,19.00,1519.53,
9,1123.00,1533.39,
9,1066.00,920.34,
11,1136.00,1799.07,
8,38.00,2224.46,
9,682.00,1380.51,
1,418.00,1531.82,
2,745.00,2421.01,
6,241.00,286.92,
10,524.00,1524.31,
9,5.00,2176.81,
3,1096.00,600.46,
6,1008.00,399.85,
5,938.00,1191.41,
1,1168.00,1644.78,
13,108.00,1747.65,
1,355.00,13.93,
5,921.00,2098.10,
5,723.00,2417.93,
13,348.00,481.79,
5,836.00,551.39,
5,489.00,164.74,
4,446.00,2439.45,
12,106.00,769.26,
9,655.00,552.86,
9,1110.00,334.62,
6,1200.00,202.40,
9,265.00,1276.26,
6,289.00,1276.98,
7,802.00,17.33,
14,1133.00,378.23,
4,626.00,1976.43,
7,552.00,950.80,
6,191.00,1868.39,
3,939.00,1018.37,
7,732.00,2300.66,
14,920.00,919.60,
6,1100.00,350.15,
5,634.00,794.17,
1,16.00,1155.52,
10,188.00,2160.57,
10,369.00,154.42,
2,754.00,437.24,
11,1046.00,254.47,
11,243.00,353.88,
12,832.00,1169.47,
13,513.00,774.18,
6,103.00,810.40,
11,954.00,889.88,
5,572.00,728.02,
11,1092.00,1819.59,
3,396.00,1222.45,
14,549.00,53.11,
3,420.00,1303.11,
4,739.00,160.63,
13,976.00,82.94,
13,971.00,185.28,
10,188.00,996.97,
13,725.00,2412.97,
11,154.00,445.96,
2,335.00,1514.12,
4,367.00,1372.53,
14,96.00,1266.35,
1,371.00,669.47,
11,853.00,624.89,
1,1139.00,1537.28,
9,441.00,443.17,
13,525.00,1891.53,
12,1080.00,2422.38,
3,297.00,1005.46,
2,439.00,1785.96,
5,114.00,1162.99,
11,356.00,1879.32,
10,486.00,1563.20,
1,685.00,1623.93,
3,26.00,2389.50,
6,370.00,99.40,
13,970.00,1060.81,
12,373.00,726.60,
7,989.00,1147.00,
12,437.00,599.92,
14,27.00,201.18,
13,930.00,1855.82,
10,580.00,854.39,
3,799.00,2388.16,
4,703.00,809.00,
8,481.00,1702.02,
3,844.00,2358.20,
11,1039.00,332.91,
2,143.00,1924.26,
9,195.00,556.06,
9,921.00,571.58,
3,200.00,1747.77,
13,1131.00,276.99,
8,140.00,1175.83,
6,91.00,615.61,
1,731.00,2409.27,
3,948.00,707.63,
1,568.00,2418.31,
4,569.00,1139.44,
11,310.00,1264.26,
13,585.00,1882.21,
11,262.00,2190.49,
4,41.00,1349.39,
13,726.00,1430.81,
9,553.00,384.64,
7,406.00,1621.83,
7,677.00,594.97,
8,747.00,1409.52,
11,608.00,574.75,
1,446.00,1928.55,
9,243.00,2137.52,
4,773.00,1717.97,
10,774.00,886.90,
4,214.00,727.04,
6,282.00,877.55,
11,1044.00,1044.00,
9,822.00,1773.95,
11,711.00,1049.83,
12,942.00,488.26,
13,739.00,1978.00,
12,518.00,1248.01,
7,1146.00,1018.88,
9,325.00,1980.00,
7,194.00,1650.00,
5,369.00,2206.43,
11,753.00,1209.01,
3,1128.00,2130.31,
10,1001.00,241.26,
3,416.00,2350.42,
8,95.00,2120.05,
9,37.00,1039.97,
10,75.00,131.20,
6,179.00,853.39,
7,1048.00,2478.57,
2,711.00,1040.75,
13,988.00,685.27,
12,874.00,1156.39,
14,290.00,2427.99,
9,131.00,1446.01,
8,362.00,403.08,
5,393.00,1749.89,
13,996.00,2417.10,
3,115.00,75.19,
5,151.00,1688.27,
2,607.00,1411.39,
11,49.00,2257.88,
6,369.00,1794.76,
7,842.00,407.69,
10,203.00,978.92,
12,25.00,118.12,
7,66.00,213.75,
2,495.00,1383.78,
8,792.00,1177.34,
14,701.00,2055.59,
6,1117.00,1120.26,
14,242.00,2473.65,
13,77.00,932.98,
13,440.00,1094.55,
13,53.00,1659.19,
7,1068.00,1801.11,
8,385.00,420.60,
12,399.00,1479.07,
2,43.00,702.72,
11,298.00,215.87,
10,627.00,440.99,
6,21.00,1903.22,
6,767.00,351.46,
10,303.00,2167.52,
8,712.00,557.00,
5,445.00,1700.20,
4,1075.00,1460.60,
9,709.00,1347.11,
1,652.00,2499.67,
9,999.00,597.03,
11,421.00,1441.93,
1,791.00,1132.93,
4,1151.00,1477.33,
13,570.00,1709.45,
8,689.00,1984.32,
4,54.00,899.71,
2,343.00,1259.04,
5,827.00,1950.24,
3,36.00,2033.98,
9,176.00,1025.82,
1,244.00,908.86,
6,465.00,469.93,
6,983.00,813.44,
13,244.00,1546.85,
5,652.00,500.75,
9,337.00,142.29,
1,244.00,1494.81,
11,548.00,1977.31,
1,910.00,1708.13,
3,311.00,1525.07,
6,420.00,591.13,
10,822.00,1821.44,
4,958.00,1176.20,
10,308.00,1962.77,
11,402.00,2165.41,
1,1059.00,2142.91,
4,421.00,1051.75,
3,636.00,218.68,
13,563.00,673.64,
13,123.00,144.10,
6,661.00,110.71,
9,860.00,994.10,
14,908.00,1970.49,
2,181.00,2312.22,
14,883.00,1931.74,
14,141.00,343.15,
11,533.00,759.17,
9,108.00,762.17,
8,383.00,526.93,
7,484.00,680.86,
3,328.00,1192.31,
6,170.00,2217.58,
13,897.00,569.44,
2,999.00,574.86,
4,466.00,1579.82,
12,996.00,2351.09,
9,120.00,1123.17,
3,672.00,1019.53,
5,1131.00,2205.28,
8,564.00,1513.05,
11,1132.00,2279.81,
10,1027.00,340.35,
4,453.00,821.08,
3,1188.00,1074.96,
8,1182.00,776.78,
8,237.00,950.00,
4,909.00,826.70,
7,455.00,1574.45,
1,114.00,1596.22,
1,717.00,194.05,
14,9.00,2437.21,
10,258.00,1590.09,
7,425.00,225.58,
4,399.00,906.01,
8,1004.00,438.19,
5,946.00,247.69,
11,71.00,1562.20,
9,300.00,1191.99,
4,275.00,1099.26,
10,518.00,706.92,
8,761.00,2487.96,
4,746.00,2475.73,
5,740.00,1592.04,
6,1067.00,1728.85,
7,343.00,1091.14,
4,378.00,1389.09,
14,217.00,1087.46,
9,931.00,2441.12,
10,581.00,1867.26,
7,1182.00,977.94,
7,933.00,1845.25,
4,952.00,1647.12,
9,762.00,2197.27,
12,815.00,167.42,
12,706.00,714.38,
7,763.00,617.05,
4,801.00,795.51,
8,864.00,2383.05,
11,279.00,877.76,
6,620.00,728.06,
10,745.00,987.07,
7,211.00,355.35,
6,952.00,1167.23,
1,1193.00,914.92,
9,277.00,676.82,
6,266.00,819.34,
13,761.00,1636.02,
8,598.00,1131.46,
2,786.00,2115.10,
7,595.00,2388.01,
3,282.00,2393.75,
6,343.00,1489.30,
4,725.00,450.65,
4,121.00,2113.45,
9,478.00,491.76,
4,346.00,1864.91,
5,717.00,1915.38,
5,484.00,695.25,
6,139.00,1137.70,
4,254.00,2488.76,
2,201.00,976.77,
1,429.00,2432.08,
13,152.00,360.67,
3,848.00,2438.06,
7,985.00,2448.90,
9,426.00,581.49,
13,645.00,302.67,
7,239.00,232.35,
14,713.00,772.64,
8,21.00,40.37,
9,195.00,809.74,
5,262.00,652.75,
3,467.00,1750.87,
8,460.00,2140.57,
8,985.00,1160.50,
12,1145.00,1037.89,
2,349.00,2156.06,
9,1094.00,1628.99,
4,347.00,630.42,
5,346.00,685.65,
13,798.00,2095.44,
5,1050.00,1005.33,
1,1070.00,1295.90,
9,144.00,1077.95,
3,929.00,2057.16,
3,758.00,917.31,
12,886.00,1650.85,
11,1147.00,609.17,
5,128.00,843.09,
8,1020.00,1085.46,
14,1121.00,1819.76,
14,954.00,985.59,
4,721.00,2404.07,
10,68.00,1290.67,
7,46.00,654.77,
9,549.00,1125.98,
1,478.00,1539.39,
3,791.00,1429.18,
4,350.00,2229.36,
6,706.00,331.61,
1,800.00,280.07,
14,736.00,1543.19,
13,533.00,776.31,
5,619.00,213.57,
5,347.00,1271.54,
11,116.00,1906.63,
4,405.00,976.12,
11,78.00,1873.47,
13,568.00,1653.55,
7,666.00,362.32,
3,260.00,770.37,
10,620.00,769.74,
6,802.00,1210.31,
8,247.00,78.25,
4,543.00,137.18,
6,119.00,121.63,
7,763.00,1853.73,
11,439.00,1983.16,
7,1000.00,643.37,
10,891.00,1574.39,
2,357.00,1402.18,
12,901.00,1150.20,
4,826.00,2009.36,
6,503.00,971.47,
11,571.00,1036.12,
14,727.00,1813.30,
8,531.00,1493.40,
10,1111.00,362.71,
9,208.00,1668.52,
11,386.00,43.25,
7,208.00,416.37,
3,1004.00,1894.24,
7,299.00,2314.55,
11,1121.00,657.16,
12,27.00,2452.71,
4,1092.00,472.13,
11,885.00,964.27,
12,534.00,1576.61,
10,732.00,1069.13,
11,1123.00,2284.64,
12,1015.00,731.84,
5,762.00,1908.14,
3,342.00,2243.82,
13,1181.00,1416.04,
10,902.00,2190.22,
3,884.00,819.33,
9,179.00,448.37,
6,426.00,52.93,
8,919.00,2359.02,
11,515.00,236.29,
10,945.00,780.26,
12,377.00,2481.36,
8,138.00,2463.29,
14,455.00,48.03,
3,264.00,2354.36,
9,684.00,732.59,
7,626.00,986.24,
9,247.00,184.94,
4,26.00,1993.09,
6,910.00,1740.88,
3,880.00,403.97,
8,733.00,1814.33,
4,1126.00,575.24,
4,1175.00,2263.34,
4,401.00,1707.82,
2,507.00,1073.20,
3,1123.00,428.26,
8,428.00,1314.24,
13,217.00,917.81,
2,1074.00,1892.42,
8,195.00,2460.34,
7,706.00,638.75,
11,1071.00,780.12,
10,981.00,490.54,
6,1186.00,714.58,
1,1051.00,1480.13,
14,315.00,1665.45,
9,153.00,687.47,
14,311.00,2474.09,
12,612.00,1028.85,
8,607.00,2460.11,
5,212.00,165.69,
4,220.00,477.40,
11,1050.00,2342.35,
13,410.00,67.97,
9,295.00,166.66,
10,50.00,1738.77,
14,24.00,514.12,
7,530.00,2356.59,
14,335.00,1167.49,
7,743.00,904.34,
11,864.00,926.26,
10,721.00,1060.15,
10,14.00,1903.80,
10,1115.00,2162.08,
8,893.00,1714.36,
14,527.00,498.50,
4,1149.00,971.81,
2,717.00,2149.37,
2,1195.00,1830.89,
3,863.00,796.78,
5,693.00,617.38,
3,807.00,2067.16,
3,898.00,986.70,
3,589.00,988.65,
6,389.00,1509.83,
4,1199.00,2225.47,
4,447.00,1004.80,
14,755.00,720.18,
9,869.00,2319.60,
2,27.00,768.05,
4,246.00,624.01,
10,636.00,1580.17,
5,246.00,1379.15,
5,715.00,902.59,
5,985.00,1743.56,
7,327.00,1982.91,
1,463.00,1570.92,
7,812.00,86.07,
9,656.00,2157.33,
1,791.00,1445.37,
8,642.00,289.85,
10,911.00,1541.45,
3,582.00,1839.77,
10,855.00,1656.35,
7,428.00,1164.42,
14,539.00,983.47,
12,576.00,218.48,
2,862.00,1564.10,
7,628.00,2359.88,
10,734.00,2385.04,
10,1135.00,1257.39,
9,49.00,760.80,
2,715.00,292.24,
3,80.00,1798.45,
14,1021.00,501.87,
5,898.00,97.36,
8,142.00,481.90,
9,847.00,1633.02,
3,715.00,847.11,
8,1170.00,2415.25,
12,513.00,612.66,
5,790.00,1970.15,
12,950.00,2181.73,
12,506.00,1141.93,
14,118.00,331.56,
2,857.00,2171.76,
9,610.00,1613.57,
3,1195.00,733.57,
2,1041.00,442.07,
5,96.00,455.36,
1,470.00,1579.00,
13,688.00,1102.08,
12,986.00,773.97,
2,422.00,694.44,
10,1092.00,467.24,
6,261.00,1400.25,
11,421.00,1390.43,
6,192.00,2270.54,
14,518.00,1778.81,
13,1050.00,1957.15,
8,896.00,1767.21,
2,824.00,1683.58,
13,951.00,1809.52,
6,735.00,299.84,
2,270.00,1098.73,
2,367.00,413.77,
5,734.00,2309.38,
4,391.00,2135.11,
2,445.00,1494.63,
3,835.00,2030.46,
7,658.00,1126.03,
13,1047.00,1059.01,
6,1117.00,2047.05,
12,458.00,1877.29,
5,797.00,892.83,
1,962.00,1736.46,
8,114.00,1464.11,
4,1176.00,1579.23,
12,1096.00,903.55,
13,816.00,1647.05,
5,108.00,1281.52,
10,221.00,349.77,
8,694.00,1150.87,
14,18.00,944.91,
13,631.00,81.32,
9,976.00,593.12,
1,1063.00,2201.08,
8,1117.00,1740.41,
11,526.00,486.53,
10,584.00,400.17,
12,272.00,826.18,
2,339.00,341.65,
6,160.00,2491.19,
9,199.00,2207.50,
6,480.00,1602.42,
6,151.00,1273.83,
2,49.00,1831.46,
11,633.00,420.40,
14,984.00,265.73,
8,301.00,754.48,
7,55.00,113.82,
7,252.00,2140.89,
11,247.00,258.77,
10,352.00,2353.23,
9,600.00,304.16,
11,718.00,1414.52,
2,1044.00,681.49,
7,1161.00,952.84,
12,836.00,2196.23,
14,11.00,1697.03,
4,740.00,1746.05,
11,802.00,1590.00,
9,53.00,999.60,
6,997.00,1193.58,
3,13.00,565.45,
3,15.00,2050.20,
13,1144.00,1667.19,
6,859.00,305.66,
13,491.00,514.46,
6,84.00,1483.50,
8,364.00,1919.53,
2,400.00,8.83,
8,34.00,2314.88,
2,889.00,2303.61,
6,386.00,918.59,
13,931.00,2286.33,
12,905.00,1897.44,
1,167.00,518.04,
8,237.00,1980.28,
3,257.00,114.29,
12,165.00,1157.97,
1,651.00,2378.89,
10,492.00,2082.89,
4,241.00,1627.75,
10,789.00,2209.48,
12,943.00,1160.54,
3,331.00,232.54,
1,29.00,317.54,
1,740.00,1820.81,
7,529.00,731.56,
9,787.00,517.73,
11,818.00,573.81,
5,265.00,661.67,
6,667.00,1813.94,
9,440.00,193.49,
7,887.00,2110.91,
3,730.00,1921.26,
11,85.00,393.96,
6,312.00,363.45,
1,529.00,1271.20,
12,97.00,1449.40,
11,1179.00,776.52,
6,68.00,617.84,
4,832.00,2231.35,
5,417.00,2043.78,
12,257.00,670.28,
3,405.00,469.97,
9,128.00,393.98,
9,27.00,1954.60,
9,1196.00,292.82,
10,824.00,170.82,
8,101.00,1182.87,
10,376.00,213.80,
4,976.00,2005.43,
4,163.00,570.61,
12,926.00,117.07,
5,626.00,2382.61,
10,395.00,1962.74,
7,1130.00,1346.26,
9,612.00,1400.30,
7,874.00,695.42,
6,372.00,418.52,
11,632.00,2378.61,
5,468.00,199.81,
6,296.00,1788.89,
12,641.00,351.39,
11,36.00,1349.28,
2,213.00,2254.11,
3,889.00,891.54,
7,23.00,2231.07,
5,267.00,1846.48,
6,269.00,1590.20,
4,1146.00,1003.98,
14,619.00,1331.61,
11,929.00,2413.50,
14,477.00,1270.44,
8,458.00,167.41,
8,904.00,1921.07,
3,120.00,1716.01,
7,536.00,1054.76,
13,719.00,1744.68,
7,413.00,1847.98,
5,709.00,2239.36,
1,993.00,617.49,
7,190.00,903.38,
9,585.00,825.52,
8,924.00,1256.85,
7,414.00,1054.77,
11,838.00,1182.46,
9,795.00,2014.01,
4,1010.00,107.43,
11,243.00,1158.47,
11,317.00,1401.92,
13,483.00,2106.47,
1,639.00,921.13,
9,832.00,57.84,
8,312.00,354.36,
6,170.00,1338.03,
13,1112.00,1628.26,
11,487.00,61.38,
14,165.00,1980.62,
6,316.00,1500.44,
2,77.00,2084.02,
9,71.00,10.34,
5,699.00,2192.70,
9,265.00,436.82,
8,128.00,2318.51,
1,1040.00,196.61,
1,7.00,2172.28,
11,710.00,292.41,
7,284.00,916.65,
9,842.00,1095.27,
14,976.00,984.58,
12,176.00,189.86,
6,600.00,1775.70,
6,570.00,286.51,
7,202.00,114.38,
12,1183.00,387.99,
8,629.00,647.45,
7,194.00,431.23,
2,1011.00,1710.69,
14,122.00,2283.26,
2,1152.00,828.97,
2,1136.00,1894.36,
11,832.00,328.39,
2,761.00,1048.32,
2,1179.00,1429.44,
4,382.00,2285.55,
13,72.00,716.10,
8,768.00,635.84,
12,1065.00,9.78,
3,34.00,472.04,
1,1184.00,108.84,
11,71.00,2101.75,
1,249.00,2328.76,
1,103.00,2154.69,
2,915.00,789.62,
10,1147.00,438.72,
4,246.00,1001.07,
11,391.00,140.58,
13,320.00,1247.43,
4,1032.00,121.70,
11,326.00,498.04,
7,759.00,773.36,
4,1187.00,1335.30,
4,626.00,2082.51,
12,614.00,39.75,
7,255.00,2437.34,
8,653.00,1453.58,
8,721.00,1711.22,
2,875.00,1340.46,
14,660.00,2433.16,
7,491.00,978.73,
7,362.00,1906.55,
12,943.00,2492.82,
8,835.00,197.42,
14,223.00,1156.45,
9,29.00,1284.37,
10,707.00,1223.95,
1,828.00,1737.84,
4,621.00,898.67,
5,757.00,1585.22,
2,937.00,1100.26,
12,656.00,2004.69,
14,721.00,1342.29,
10,1005.00,1746.43,
7,1000.00,2030.38,
8,623.00,1849.93,
13,106.00,815.99,
9,323.00,2259.70,
5,707.00,2104.49,
11,479.00,829.80,
5,68.00,1979.74,
6,1051.00,107.89,
7,510.00,1979.21,
14,1149.00,2124.67,
13,598.00,1147.08,
12,953.00,1291.09,
3,531.00,1260.70,
4,35.00,856.02,
1,1022.00,1533.19,
6,601.00,1661.23,
13,495.00,986.29,
14,93.00,1958.06,
2,654.00,227.42,
7,546.00,984.13,
2,336.00,555.15,
5,1075.00,776.75,
12,1090.00,942.16,
6,305.00,1294.05,
9,273.00,1888.03,
13,299.00,286.52,
11,295.00,12.78,
7,384.00,2281.12,
4,93.00,2431.68,
13,954.00,299.49,
4,346.00,1935.87,
4,897.00,890.64,
13,952.00,2128.23,
4,821.00,2413.28,
4,420.00,239.92,
1,354.00,2099.13,
5,954.00,1472.48,
3,210.00,1311.76,
13,989.00,331.68,
3,1004.00,1666.11,
5,488.00,1889.77,
12,472.00,474.98,
4,585.00,179.68,
2,305.00,578.99,
13,562.00,2363.68,
9,432.00,451.06,
5,823.00,2394.78,
12,762.00,1900.94,
10,162.00,2073.88,
9,75.00,2295.44,
9,1190.00,1720.90,
12,188.00,272.21,
3,234.00,1456.02,
7,24.00,2182.62,
9,20.00,1047.80,
10,1177.00,277.70,
1,681.00,610.25,
13,705.00,1071.38,
10,450.00,1917.69,
4,253.00,1671.06,
5,83.00,61.56,
7,1052.00,269.59,
4,747.00,1305.34,
9,107.00,1509.79,
13,353.00,468.53,
6,1190.00,1731.38,
6,410.00,498.59,
6,382.00,117.77,
2,677.00,1224.15,
2,121.00,1831.62,
9,933.00,1940.54,
1,1082.00,1939.19,
2,59.00,1342.27,
13,840.00,1177.06,
7,1200.00,1173.77,
14,479.00,1191.27,
1,685.00,1880.09,
1,566.00,1019.05,
2,618.00,431.10,
7,747.00,1053.41,
13,825.00,557.21,
12,457.00,2495.70,
4,26.00,182.99,
12,458.00,2007.57,
11,616.00,1199.69,
10,666.00,2047.25,
7,217.00,1808.58,
6,1028.00,2463.13,
10,460.00,479.20,
3,922.00,26.49,
11,569.00,1843.03,
11,471.00,1327.03,
4,861.00,2209.96,
1,1162.00,2253.37,
2,32.00,1611.20,
4,193.00,2265.14,
9,450.00,690.66,
2,57.00,891.51,
13,528.00,1799.12,
8,520.00,639.39,
6,394.00,964.15,
1,788.00,2496.71,
13,390.00,169.30,
7,910.00,56.40,
5,399.00,2225.31,
14,1060.00,2256.12,
14,665.00,488.40,
3,460.00,383.71,
9,53.00,1187.48,
6,976.00,285.17,
11,72.00,1414.53,
3,784.00,2129.12,
10,1150.00,149.18,
5,859.00,1947.08,
9,73.00,1253.79,
4,601.00,2415.07,
14,661.00,1472.90,
5,509.00,2296.43,
14,319.00,238.36,
10,605.00,894.97,
13,1119.00,1426.61,
7,686.00,629.70,
9,170.00,1587.64,
9,1134.00,645.23,
7,556.00,660.74,
2,186.00,1894.99,
10,369.00,1049.16,
2,314.00,1010.70,
5,406.00,2138.42,
4,998.00,119.09,
11,79.00,1026.73,
9,283.00,688.67,
2,1120.00,900.38,
4,528.00,1721.31,
2,1159.00,301.88,
8,320.00,1019.80,
13,919.00,1749.86,
7,548.00,186.40,
14,1148.00,1037.43,
14,138.00,472.00,
11,301.00,773.77,
12,276.00,228.10,
6,473.00,1913.41,
11,1087.00,2481.84,
8,571.00,938.61,
6,83.00,2468.52,
3,855.00,913.25,
10,231.00,647.56,
3,990.00,336.68,
10,799.00,1544.97,
11,853.00,273.09,
14,381.00,1786.56,
14,61.00,1206.80,
12,204.00,1755.51,
4,150.00,962.92,
2,1072.00,1342.69,
12,762.00,657.25,
13,750.00,1121.16,
3,855.00,830.89,
13,1137.00,73.76,
5,941.00,1131.64,
3,1128.00,56.05,
12,711.00,1215.19,
7,875.00,1715.58,
13,521.00,1323.17,
6,936.00,1339.96,
11,987.00,851.21,
9,643.00,487.72,
9,753.00,2070.68,
1,424.00,232.06,
4,116.00,1786.98,
7,908.00,104.27,
1,644.00,2032.91,
8,276.00,272.92,
12,1117.00,1122.74,
7,541.00,902.58,
5,22.00,1991.33,
12,126.00,516.60,
8,966.00,1288.80,
5,384.00,682.89,
1,78.00,15.66,
4,576.00,635.56,
14,321.00,459.62,
12,724.00,1528.33,
13,942.00,1625.79,
10,888.00,2047.05,
7,470.00,2180.22,
6,1185.00,1661.14,
2,133.00,1445.28,
5,1060.00,1011.48,
6,503.00,577.54,
12,337.00,754.24,
8,115.00,2109.91,
8,619.00,37.37,
11,211.00,210.80,
6,632.00,2450.98,
11,495.00,680.25,
3,649.00,399.72,
4,168.00,1990.25,
12,232.00,1774.34,
10,1204.00,478.08,
4,876.00,2422.41,
11,676.00,1635.70,
14,255.00,677.74,
13,862.00,1713.18,
10,510.00,2131.47,
4,374.00,2218.98,
12,369.00,2340.73,
1,961.00,1866.34,
4,12.00,2247.39,
1,212.00,843.32,
5,469.00,756.52,
1,633.00,430.16,
10,423.00,2479.42,
11,225.00,1876.62,
12,537.00,1121.10,
3,696.00,1602.94,
13,713.00,333.21,
3,234.00,1428.79,
2,217.00,1784.81,
1,1043.00,370.56,
13,644.00,1044.04,
12,1202.00,758.15,
8,462.00,1164.86,
9,1115.00,2190.16,
9,553.00,1153.71,
2,1064.00,1018.81,
7,1175.00,1186.01,
10,187.00,439.68,
14,640.00,86.94,
4,557.00,529.79,
11,593.00,1135.80,
2,614.00,1470.67,
9,341.00,663.88,
1,571.00,1139.62,
7,868.00,2128.09,
14,415.00,1141.40,
6,317.00,2139.04,
12,734.00,607.34,
5,52.00,727.40,
13,1079.00,916.66,
12,207.00,129.93,
2,773.00,1247.51,
11,482.00,1008.29,
8,300.00,864.83,
8,239.00,1206.77,
11,1128.00,290.38,
10,43.00,1096.73,
1,1146.00,888.94,
10,524.00,261.56,
13,992.00,1921.39,
9,266.00,2403.86,
2,1151.00,445.30,
8,919.00,1936.24,
2,324.00,2278.83,
14,475.00,1031.20,
8,51.00,267.06,
12,794.00,1077.86,
14,760.00,557.88,
5,103.00,288.45,
8,949.00,308.18,
3,560.00,2146.99,
1,323.00,80.10,
5,45.00,2009.82,
13,120.00,817.57,
4,123.00,2169.10,
12,32.00,1621.30,
4,286.00,2301.80,
5,1166.00,559.01,
14,93.00,1380.24,
12,1194.00,1168.58,
8,101.00,106.88,
9,289.00,2156.79,
2,392.00,684.07,
10,196.00,1476.57,
3,564.00,1707.33,
12,793.00,133.96,
12,1014.00,1749.99,
13,1113.00,722.94,
7,713.00,1668.18,
2,702.00,2320.74,
1,1184.00,1508.72,
12,1027.00,1865.49,
9,379.00,765.79,
13,133.00,1857.09,
9,149.00,1078.05,
11,340.00,902.65,
1,415.00,2124.48,
9,811.00,1875.67,
3,191.00,163.55,
1,680.00,855.31,
5,810.00,426.17,
5,1085.00,196.83,
14,205.00,2352.62,
3,868.00,163.47,
11,394.00,593.25,
10,1121.00,2117.84,
8,257.00,1187.05,
12,838.00,351.36,
1,502.00,227.27,
1,560.00,1889.62,
5,1095.00,475.58,
2,1083.00,715.99,
2,518.00,1005.11,
6,444.00,236.89,
4,720.00,1948.76,
12,66.00,1247.05,
12,1151.00,2388.03,
9,1020.00,584.83,
11,600.00,2256.87,
8,596.00,109.64,
5,1118.00,1011.06,
11,724.00,1157.82,
9,443.00,1952.25,
9,600.00,1064.37,
13,1024.00,1178.81,
1,549.00,1272.71,
6,247.00,1433.99,
3,278.00,2063.95,
1,1062.00,1020.86,
14,1157.00,2073.18,
6,955.00,1546.24,
8,232.00,2278.47,
10,38.00,715.93,
8,750.00,1314.39,
11,199.00,119.49,
2,862.00,1307.26,
9,450.00,125.02,
13,520.00,1194.06,
7,7.00,2266.12,
12,467.00,689.88,
5,836.00,1026.80,
14,714.00,800.52,
12,1122.00,1684.93,
4,1059.00,1992.17,
1,83.00,375.49,
10,54.00,1807.29,
12,267.00,1811.52,
8,988.00,542.49,
3,385.00,890.68,
10,644.00,818.82,
5,331.00,1514.72,
1,1163.00,1734.29,
5,705.00,378.48,
12,1106.00,2216.70,
6,496.00,1686.43,
6,522.00,1327.34,
7,1142.00,1122.17,
14,629.00,1789.06,
12,497.00,1005.63,
2,302.00,1690.67,
12,1196.00,556.44,
10,247.00,1374.35,
6,459.00,978.50,
1,58.00,580.52,
4,1070.00,1968.77,
6,925.00,1937.68,
4,1075.00,880.78,
9,590.00,745.26,
10,798.00,2478.10,
9,15.00,319.59,
5,230.00,48.63,
4,266.00,479.64,
12,673.00,1863.85,
2,703.00,1053.85,
,,,
Days,Miles,Receipts,
1.00,5.00,0.27,Min
14.00,1348.59,2479.02,Max
5.87,565.81,878.85,Average
5.00,593.00,803.78,Median
